

use LojaInformatica

--set dateformat dmy

--Inserindo dados tabela Categoria
insert into Categoria (id,descricao) values (1,'Hardware')
insert into Categoria (id,descricao) values (2,'Software')
insert into Categoria (id,descricao) values (3,'Periférico')
insert into Categoria (id,descricao) values (4,'Computador Desktop')
insert into Categoria (id,descricao) values (5,'Notebook')
insert into Categoria (id,descricao) values (6,'Celular')
insert into Categoria (id,descricao) values (7,'Acessórios Celular')
insert into Categoria (id,descricao) values (8,'Game-Console')
insert into Categoria (id,descricao) values (9,'Game-Acessórios')

--Inserindo dados tabela Regiao
insert into Regiao(id,Sigla,Descricao) values (1,'CO','Centro-Oeste')
insert into Regiao(id,Sigla,Descricao) values (2,'N','Norte')
insert into Regiao(id,Sigla,Descricao) values (3,'NR','Nordeste')
insert into Regiao(id,Sigla,Descricao) values (4,'S','Sul')
insert into Regiao(id,Sigla,Descricao) values (5,'SD','Sudeste')

--Inserindo dados tabela Estado
insert into Estado	(id,Estado,Descricao,id_regiao) values (1,'AC','Acre',2)
insert into Estado	(id,Estado,Descricao,id_regiao) values (2,'AL','Alagoas',3)
insert into Estado	(id,Estado,Descricao,id_regiao) values (3,'AP','Amapá',2)
insert into Estado	(id,Estado,Descricao,id_regiao) values (4,'AM','Amazonas',2)
insert into Estado	(id,Estado,Descricao,id_regiao) values (5,'BA','Bahia',3)
insert into Estado	(id,Estado,Descricao,id_regiao) values (6,'CE','Ceará',3)
insert into Estado	(id,Estado,Descricao,id_regiao) values (7,'DF','Distrito Federal',1)
insert into Estado	(id,Estado,Descricao,id_regiao) values (8,'ES','Espírito Santo',5)
insert into Estado	(id,Estado,Descricao,id_regiao) values (9,'GO','Goiás',1)
insert into Estado	(id,Estado,Descricao,id_regiao) values (10,'MA','Maranhão',3)
insert into Estado	(id,Estado,Descricao,id_regiao) values (11,'MT','Mato Grosso',1)
insert into Estado	(id,Estado,Descricao,id_regiao) values (12,'MS','Mato Grosso do Sul',1)
insert into Estado	(id,Estado,Descricao,id_regiao) values (13,'MG','Minas Gerais',5)
insert into Estado	(id,Estado,Descricao,id_regiao) values (14,'PA','Pará',2)
insert into Estado	(id,Estado,Descricao,id_regiao) values (15,'PB','Paraíba',3)
insert into Estado	(id,Estado,Descricao,id_regiao) values (16,'PR','Paraná',4)
insert into Estado	(id,Estado,Descricao,id_regiao) values (17,'PE','Pernambuco',3)
insert into Estado	(id,Estado,Descricao,id_regiao) values (18,'PI','Piauí',3)
insert into Estado	(id,Estado,Descricao,id_regiao) values (19,'RJ','Rio de Janeiro',5)
insert into Estado	(id,Estado,Descricao,id_regiao) values (20,'RN','Rio Grande do Norte',3)
insert into Estado	(id,Estado,Descricao,id_regiao) values (21,'RS','Rio Grande do Sul',4)
insert into Estado	(id,Estado,Descricao,id_regiao) values (22,'RO','Rondônia',2)
insert into Estado	(id,Estado,Descricao,id_regiao) values (23,'RR','Roraima',2)
insert into Estado	(id,Estado,Descricao,id_regiao) values (24,'SC','Santa Catarina',4)
insert into Estado	(id,Estado,Descricao,id_regiao) values (25,'SP','São Paulo',5)
insert into Estado	(id,Estado,Descricao,id_regiao) values (26,'SE','Sergipe',3)
insert into Estado	(id,Estado,Descricao,id_regiao) values (27,'TO','Tocantins',2)



--Inserindo Clientes
insert into Cliente (id,nome,email,endereco,id_estado,CPF,bonus,senha) values (1,'Paulo','paulo@paulo','Alvarenga|4001|Assunção', 23,'33820915001',0.00,'123456')
insert into Cliente (id,nome,email,endereco,id_estado,CPF,bonus,senha) values (2,'Bruno','bruno@bruno','Alvarenga|4001|Assunção', 24,'49411240062',0.00,'123456')
insert into Cliente (id,nome,email,endereco,id_estado,CPF,bonus,senha) values (3,'Alipio','alipio@alipio','Alvarenga|4001|Assunção', 25,'83940010090',0.00,'123456')
insert into Cliente (id,nome,email,endereco,id_estado,CPF,bonus,senha) values (4, 'Santos','santos@dominio.com.br','Tuta|1264|Jardim das Rosas',3,'38279595945',0.00,'123456')
insert into Cliente (id,nome,email,endereco,id_estado,CPF,bonus,senha) values (5, 'Amanda','amanda@dominio.com.br','Yrere|1264|Conjuto E',3,'99002343086',0.00,'123456')
insert into Cliente (id,nome,email,endereco,id_estado,CPF,bonus,senha) values (6, 'Daniel','daniel@dominio.com.br','Juçara|816|Conjuto F',3,'06380344772',0.00,'123456')
insert into Cliente (id,nome,email,endereco,id_estado,CPF,bonus,senha) values (7, 'Miguel','daniel@dominio.com.br','Juçara|816|Conjuto F',3,'06380344772',0.00,'123456')
insert into Cliente (id,nome,email,endereco,id_estado,CPF,bonus,senha) values (8, 'Marcos','marcos@dominio.com.br','Juçara|816|Conjuto F',25,'22881943080',0.00,'123456')
insert into Cliente (id,nome,email,endereco,id_estado,CPF,bonus,senha) values (9, 'Aurora','aurora@dominio.com.br','Trigo|816|Posto Norte',25,'27363518009',0.00,'123456')
insert into Cliente (id,nome,email,endereco,id_estado,CPF,bonus,senha) values (10, 'Frederico','frederico@dominio.com.br','Jardinopolis|412|Quadro',25,'95773770415',0.00,'123456')
insert into Cliente (id,nome,email,endereco,id_estado,CPF,bonus,senha) values (11, 'Marina','marina@dominio.com.br','Ribeiro|269|Conjuto E',24,'95773770415',0.00,'123456')
insert into Cliente (id,nome,email,endereco,id_estado,CPF,bonus,senha) values (12, 'Isis','isis@dominio.com.br','Leão|1920|Oito',8,'89506454248',0.00,'123456')
insert into Cliente (id,nome,email,endereco,id_estado,CPF,bonus,senha) values (13, 'Isadora','isadora@dominio.com.br','Leão|1486|João Lima',9,'65717283709',0.00,'123456')
insert into Cliente (id,nome,email,endereco,id_estado,CPF,bonus,senha) values (14, 'Juliana','juliana@dominio.com.br','Martinez|403|Principal',9,'11842002112',0.00,'123456')

--Inserindo Marcas
insert into Marca (id, marca) values (1,'Philips')
insert into Marca (id,marca) values (2,'Seagate')
insert into Marca (id,marca) values (3,'DHL')
insert into Marca (id,marca) values (4,'Corsair')
insert into Marca (id,marca) values (5,'Tp-Link')
insert into Marca (id,marca) values (6,'Samsung')
insert into Marca (id,marca) values (7,'Multilaser')
insert into Marca (id,marca) values (8,'GForce')
insert into Marca (id,marca) values (9,'MSi')

--Inserindo Produtos
insert into  Produto (id,imagem,descricao,id_categoria,preco,id_marca,qtd_estoque) values (1,0xFFD8FFE000104A46494600010100000100010000FFDB00840009060712121215121213151515171515181715171510151715151816171815131517181D2820181A251B161521312126292B2E2E2E171F3338332C37282D2E2B010A0A0A0D0D0D0F0F0D0E2B1915192B372B2B2D2B2D2B2B2B2B2B2B2B372B2D372B2D2B2B2B2B2B2B2B2D2B2B2B2B2B2B2B2B2B2B2B2B2B2B2B2B2B2B2B2B2B2BFFC0001108010A00BE03012200021101031101FFC4001B00010003010101010000000000000000000003040502060107FFC4003E100002010203060305060404070000000000010203110421310512415161712281911332A1B1F006425272C1D1142382E14362D2F1073334A2A3B2E2FFC4001501010100000000000000000000000000000001FFC40014110100000000000000000000000000000000FFDA000C03010002110311003F00FDC400000000000000000000021C462630579348098193536B5F2827DF42358B9BFF00797E8C0DA065431525FEF7F9DCB34F16FBFC1FF702E0238564C900000000000000000000000000000003E376D4F3BB5369BA8F7219438BFC5FD80B58FDB36F0D2CDF19705DB999D08393BC9B6F9B3E61E81A14A901C52A2588D3258409A14AE415B702A2DE88D08514BA921451F66F8E4C52C4D9D9EA758F9B8EEBE19A7F5E456C6C2F1DF8EB1CFBC78FA6BEA069C6699D19383C55CD1A7500940000000000000000000003236EED0DC5ECE2FC4F57C97EEC0A9B6768EFBF6707E15EF3E6F9762AE1E8915081A34600494A996E1123A68B987A5C590754A97164E01400004589A3BF16BD3B9470B3B64F55C3E68D32862A3BB352E7F5FB019728FB3A8E3C2F75D9E68D2C3D5296D68FBB2EF17F35FA9F70D500D8A532528D3997212BA03A0000000000000001162ABA845BF45CD9E3EA54739B93D5B37F68CDC949AE1E18F7BE6FD72F230BF8471D2FE6059A08BB48CFA352DAA2EE1A5BD2505ADAEFA2D3EBB30347094AF9F05F562F9CD3824AC8E800000000015B1F0BC3B665939AB1BA6B9A6063ED1CE937D9FC73FD4A5859972AE74DAE8CCBC2C80DAA522EE1A5C0CCA322E51966882F800A00000000057C6D46A365EF49D974E6FC95CB066E22BADE9D47EEC134BABFBD6EB7B2F203336B62DC5AA70FBAAEFBDBC2BD33F3441B331D271B56B6F5F82B24ACBABE377ABB5ED776B95A776DB7AB6DBEECFB1A606ACE34DABB697EEF45DCB7B2B0E949C93BAB2B3F5FD1FC4C3961D496EBBB575926D67C343D4E0E86E41478F1EFD3A70F202700000000000000018D259497566261D9B75BEF7E67F330A881AB4245CA72336848BB4E406C537749F43A22C2BF0AFAE24A000000000458AABB9072E4B2EADE497AD8C3DA8F7630A5FD52EB6FDE577E46AE35DE708779BF2CA3F17F030F152DF9CA5D6CBB2CBE777E60578C496103B853245102D6CAC3DE57E11CFCDE9FABF4368AF80A3BB05CDE6FBBE1E4ACBC8B00000000000000000061E2E594DF57F331A92347175538B4B36F926FE451A6D76EF97CC0B344B506434A24F1881AD817E05E7F32C15F02BC0BCFE65800000001CD49D936F826FD00CDAD573AB3E5E18F97FF005266753A76C8B5572A704F56F79FFECFE2D1C462072A24D4296F492E6F3ECB37FB79848B7B3E19B7C95BD737F2405F000000000000000039A9A3ECCE8ADB42A5A0FAFD3FAEA06151C5539D69454E0DA5651DE8DF5E57E86AC68706BD4C8DA54E2D2A4E3171495D349AD393C8828E0377FE5CEAD176CB726F7576A73BD3FF00B40DD9612095EDBBDB2F868568B295478C5C69578AE0D3A33F55BD09BF28224C1E3E326A138CE8CDE90AA946EF94269B8547F964C0DEC22F02263982B24BA1D0000002B6D17FCB6BF15A3EAD2F9164A9B465651FCD7F44C0A58BF792E51F9BFEC8E628F8DB9372DDBA76B59ABDACB5BDBE99225CD580FA917F051B47BB6FF45F048A57B234A946C92E4901D00000000000003994D2D5A470F1305AC97AA02532F13537A5D2FF00059DFD6DEA68AA89A7669F6699818CA96849AD5F8579EAFEB9015633DF939737976D17C0BFFC429BB47DD82B27CDF1F2C97A9996B46DE45FC0D3B4575CFD40BB4D13455F22381630EB3EC41680050000033F6A41C9C629A5EF5F2BF2D3356340A58C7E38F660653C44A938C1C93CED1DE84AEF92738F855FB13D4C6CDAB287771946565E7BAEFD9339C7574A718A8EF4B5B24DB4B44F2D38FC48BF8672DE69CA9B6F5F0C9679B697A81DE15C5B514ECDFDDCE2EDF95D9DBC8DF31E8D3F1DF7BC39785AD1A7AA66BA607D000007C6CCDC66364DEED34AFC5BF762B9CBAF25C7D5816B158D8415DB4BEB45CCCDC56D09B595A0B9CB376E7BA9FCDA2857C52864AF3A8F8F16FA7E15D3E7A9C53D9B3978AB49A5C20BF5039C4E3A2F2BCA6F9272BF928DB2F5388C2AC9654A115CE6E3F1B67EA68C21182B422A2BA71EFCC8A6AFA815E18792CDCE8A7D1CFE691F24EF1CE716E124AC9DD3DE4DEFA6F3E1A773B9D1440B0B66DAE2ACD735C3CD016214D3D4D1A4ACB5CCC5C0E06A29351A8F779349D8D7C2C26F2F0B6BBA02D265DC2C72BF32AD3C24AF9E48BE901F400000000AF88A49B527C132672E0458A9D90143115AD914E78A2AE33139D8A753116035E18AE65FA156FA33C5D6DA36D7ADFB58BB80DB0AFAF0407B38D6B7BDEA4A999584C7A92EE495F11B917C9E49757A5BCEC07CC7625B7ECE0D296ADBCD463C64D71E8B9F994A50F0EEC34BEBC672E327D7EB444D469BB3526AFEF5592F845744B25E6ED996639789AB3B5A31FC31E5DF981570F838D2CF59BD5F2EC7CA9224A92209B03891CCACB3934BF5EDCC89D672F734E3379AFE85C7BE9DCEA961D27779BE2DE6DF981D47111FBB16FABCBFBFC0ED62DFE14BFA9FFA4FB259152A302FAADC5C2EB9C1A9DBC978BD11361A717E2834D7477CD6ABBAE465518E64B569CAFED29B4AA7377DDA897DDAA96AB94B58F0CAE987A4A52BA3B32B646D05563BC938B4DC6707EF426B58CBE0D3D1A69AC9A3540000010E2EBEE46FCDA4BBB7F4FC898C3DB18AFE74292B36A329B4DDB8351BF4BDFD00D1C2CF529ED4C52B349ABF7CC970553292D5DDDFE6646D89DEFBCBD52B018D89AAEE55929547B9176E6FF4475257D1DFE2BD7526D974F26F9B6054C47D9B734ED5A577ADD269FA58C1DA186C461AEA6AF16F39C6EF2EDC0F7B03BA942338B8C95D3030761EDB8CF75279B6925C59EA3DBDE795F769AFFC8D65E8AEFCD1E4F637D9FF00638D72D29C6139F4BE4979DE57F23D35092828C9FE77C1BBE697A6EAF20342334A4A9F25BF3FCDF763E5AFA1F6AD5BB3270FBD26E4DDA4DB77EACB552A38437EA6496B249B5DDA59A0269CCA994939CF2A49DBAD697E15FE45C79DADA277828E223886A34E6B75ADE9CD3F729AD5DF837A2F37C0ABB4317BF25BAB76115BB08E8A315A65CC0BDFC46F3BE49704B44B922CD3663D0AA69E1EA5C0B33D0A35352ECB429C15D8135181DD49D8376451C46200F942BBA78984BEE55FE5D45CA7AD1A9AF3BD3E6FDA43F09EBA8CAE8FCFF1B5DB8B6B55E25F9A3E28BF548F7B8495D65A3CFD501380001E1152ACB6AE2DCE33F672A749D29352DD69528A928CB4CA57BAEBD4F7671560A4ACFEB8018980ACF7E4B249D9A7CEEB3E0AD9DCAFB55ACECEFD73F9E88CFC446509E6D782566DDDA5176B3B379C964AFA2BBCDE8696368465052F7F8F89A7E76D3E0079D6B79DD59F5BB6BD6C58C06574F992B8B6F5CBA7EFA796676E8DB35AF7BDC0B54D166112B61DDCB90404589A578492D5A51F5667ED3A9E2515A72E16FA468639F87FAA1CFF001232710EF51F4480D1C12D0DDA51C8C1C14B346E29D95FA018DB59D3A1071846317564DCB752578C72BBB716F8F231949327FB40F7AB4B945282ED159FC5B33BD9302D6EF22CE1ABDB531F14EA4612DCBB76B2B6B9E57F2D7C8CEA2EA5176CD25BB271DECB5DC59BE0DDEE973407BE53BC48E97855D9E7F67ED4A9945DA4B8B6ADE18AF1CB2FAB23BABB577DADEBC57CB2726A5E4AFE605EC5636F92CCA52BBCD9D53AB07A3D1E6B971CFD49138810B8E5EBF2B9EE76746D04BFCB15E88F21460A4D4571697A9ED70EB20240000399C6E9AE87400F1BB7D5FF0098B76CFC3513BBB3BDB2493BE795B8F3441B1F68EEDE954F1495ACF2574F492576A2BADDBBA659FB569D0A8AA5AF4AAF866B8295ADE575C79A3C8ED08CE325BAD5B5A751B5FCC57F72D7BB973BE8FBD80F5B575FDBF4FDDFA7127C3AFAFAE0796D93B5B7F56D59E77BA6DF2FDDFA58F4787AB702E3C3F18EBCB83FD88A789DDCA49C7BFD665BA5227D56606054C7294B7727C55F9C5A7C9F04CAF8A97F31F65FAA3D0CB0D0CED18ABF15148F3189DE524A5AABC1BCDACB38E7CECBE205FC1D6B3366A56F0DFB7CD1E45E23759AD4F1C9C7C80A55EADE4DF3937E6DFF00720757EBEBC88F12FC525D591012BABF5EBFB92D0A2E797038A14AECDCC0D0480E63B2296E3BC15ECF3578EB7E4F3D5FA98B57096BA4F8F1F12D734D715C333D64B4303171CC0AB4682DD49BBDB8FF00BB62540E892936DA4B36F402F7D9CC1B75379E91C97E6797CAFEA7B24AC50D9184DC8AFABBE2CD00000000002B6D2C0C2BD3952A8AF192B3E9C9AEA8FC936AD19E12A3C262AFB8EEE9555E8A717F8AD938F1F4BFEC851DB1B268E2A9BA55E0A517EB17C2517C181F8862D4E134F79295AF19ACE359679DF87CD3C9F0373607DA15BCA13BA9727AB6F8FA17F69FD88AF4138C57F13876EFBBFE247AD97DEFF3475E28F3789D8953EEA9554B87BB5E9F3FCDE5E807EA183C5C5A599A149A69667E45B3B6AD6A6DC632F6965EE4BC1513B649DF2F91E8B03F6A2D65514E1659B945DAF971D3981EFDD231F6E6C7DE5ED20ED256BF5B68EDF0EABB233A8FDA9A4FFC45EAB9685986D59546A30529371C924C0F3FB4A9BDDDE46451DAAE39367E8B2FB3F2941CA565379B870F5E7F0F99F9FF00DA4FB3938372827D63C501A14712AA2525AE8FBA2C51A6D9E0701B62786A9792728E928F1B735D51FA3ECCAF4EAC154A525283D1AE0FF0C96B1974605CC2D13528C4AD4225C8203A9BC8C6C6C7335AA328CF0B3A8ED08DDFC1777C00CA68DFD97B06A45C2A39456BBD071BBB3D2D2BE52F2E3D33D0D95B1A34BC52F14F9F08FE5FDCD503E2563E80000000000000008AB61E13F7A29F74AFE4C9401F9F4363D5C4CE51ABEC5A8D494539525296EA934B8F4E0D16E1F61775F86505D9E223F075248D28EC851C649FB5ACD4D2A8A3BF6519293BC62A29785DD5EF77D4F480799C27D928A779CDBE8BDA27EAE6D3F43770581A7495A9C5479BE2FBB2C80056C66061555A4BCD6A8B200FCFB6C7FC3CF693DE528B5E7192FD199F43ECDBA15FD9D1A935BA96F34D67279B4D25692B6EEB73F513CC6CAA6A75AB59B938D49294AD24B7AF9D9BC9DB35969602CE1B674ECB3BF5C91761B379CBD11A1156C8FA05486CF82D6EFBBFD8B30824AC924B92C8E8000000000000000000000000014311FF00514BAD3A9F0953FDD97CAF568DEA425C9497AB87FA4B000000000056DA78AF654A7535DD8B697397DD5E6ECBCCADF67707ECA8422F393F149F172966DBF326DA587F68A30E1BC9BEAA39A5EB67E45B480FA00000000000000000000000000000000000000000000000000000000000000000003FFFD9,'Fone de Ouvido',1,29.00,1,20)
insert into  Produto (id,imagem,descricao,id_categoria,preco,id_marca,qtd_estoque) values (2,0xFFD8FFE000104A46494600010100000100010000FFDB008400090607080706090807080A0A090B0D160F0D0C0C0D1B14151016201D2222201D1F1F2428342C242631271F1F2D3D2D3135373A3A3A232B3F443F384334393A37010A0A0A0D0C0D1A0F0F1A37251F253737373737373737373737373737373737373737373737373737373737373737373737373737373737373737373737373737FFC000110800D200D203012200021101031101FFC4001C0000010403010000000000000000000000000405060702030801FFC4004C10000103030103080507070B0305000000010002030405111206213107132241516171B114748191A1082332364252B2156264727392C12425333435436382A2E1F01626D15354C2D2F1FFC4001A010002030101000000000000000000000000010203040506FFC4002C11000202010401020504030100000000000001021103041221314113512223326171051481B134424333FFDA000C03010002110311003F00BC508420010842001085E200F50BC24AC5F2358097B8340EB2708033428D5E36F3666CFA9B5B77A6E71BC6289DCE3FF746F509BBF2E16D8B536CF6BA9AB70FB731E699FC4FC14D6393E90ACB6B3FFEAC249A38DA5D23DAC68192E71C6173ADDB95EDABB835EDA5969ADF193BBD1E2D4FC7EB3B23E01432E775B9DD9F9B95C6AAAC939C4D297341EE1C07B95D1D349F645CD1D2977E51F64AD208A8BD53CB282418E98999D91D586E71ED509BCF2ED471EA6596CD3CE724096A9E236F8E0649F82A4DF1060E969C76656B607B86E69C127A4159FB78AEC37593ABAF2C1B635AFCC3534F6F67DDA681A7DE5FA8F922DFCB2ED8D2B48927A3AE03AEA69FF8B0B5405DC70483DEB1D40820E371C6EEB554E0931D9745B397D7E5ADBA581A4637BE96A37FEEB87F1529B7F2D5B2354D1E93255D138F54D4E5C3DEDCAE6DD2D19DE7DCBD11648F9D6E476EE51F4ADF03B3AEADBB67B35732D6D15F282591DC23E7DA1E7FCA4E53DB656BC65AE691DA0E42E2E650CD3398C8982473DC1ADD273924ADF4374BADA886D057D652E0E7104EE60F7028F49859D999F72C972BDBB956DB3B7903F2AFA4B07D8A889AEF8800FC54A6DDCBCDDA3DD71B351D41CEF3048E8BE07579AADC1A1D97FA14736236AE0DAFB28B9D3D3C94E39C3198E4209047785235100421080042108004210800583DED6025C4340E249C00B351FDBCA4F4ED91BB53F38E8F55338EA6F118DE9A56E802EDB67B39680457DDE9637FDC1202E3E00285DDB96CB3C00B6D7435358EEA7B8736CF8EFF0082A1A266B0D31B4973865C1ADFF9D4A5B67E4E36AAECD8E486D7CCC323439B2CF2068C1F795BBF6D8E0AE6CAF737D0F175E58769AB8B9B46CA4A1611F61A5EFF00DE38F250FBA5F6EF78D42E974ABA9078B1D2619FBA303E0A6D37235B45134399351CDD65AC7961F8829AAAB93EDA7B7674ECD1AAC7F78270E1EEDCAC8BC0BA17C4C8952D3C04665943083BA3633538F780B63682AE439869E6E6B56F2F1A091ED4E35B16D4DB9AE6CF659E918064BA2A43A47B467CD305457D5C9A4CEF7BF3C0BC939F0CABD64835C11A62D968A36EA1515D4F17E6B097B87B02D6E7DBA300035150E1DA031BFF0094DCF7B8F48B4804F1C6E5AB5BBB156F246C96D1C5F58C6EE8A9E26761702F23DBFECB53AA669461D33B1D8370F70491BD3761C74ACA58CC641072D3C0F6A5EA851E9C6781DCB41FE90E3B52A633538371D4B16C21F51A40DC1C46167945C9A1DA48534D03EB9CD6867463674DC376E1FC54F6C9C985EAE34ECA98A38A9E9E41969986F3ECE29F3934D9CB6C16C92FF7603D0A9BA4C07848E1E78EAEF45EB6D2E174A973592BA9A95A7A10C671BBBCF6ADB834F9324B663F1DB21BD793183925BB5AAAA2AD068EB5D174DB13018CEAEAE91CF5855A6D0DA2B6D170929EAE924A57EF2D63F81EDC1EB565D97686E704F9A4AC95B28FEEE5717B64F7A9A69B4F28966928AE70B23AD89BBF1C587EF34F62351A7CB8799F2BDD0D49783999C3BB7058BBB14A36C2C53D9AAE48658DAC9222219C3461A481D178EE701EF05460859A71A2699D1FF27FFA8C7D69FE6ACD558F201F51CFAD3D59CB9F2EC98210848010842001084200134ED58FFB72E7EACFF24EC9AB6A067676E7EACFF24D7680E45A7AB9A8C8969DFA1FCD96E7B88DEBAF366893B3D6D3DB4B19FF00485C80599A707F3575E6C99D5B316927AE8E2FC216DD62A488447542F50B093309236C8D2D7B439AE1820EF042805E3921D99B9C8F908AA81C492DE6A638667B01DCAC25E26A4D740723EDF6CFC7B31B4B5168A6A8967A7880734CB8CEFEDC261F4778C6A05B9191ABAC29DF2DEDC7285579EB8633ECC150625CFC6A24E06064F00B7608A71B6424E8D8FA461A4133646EA6BB0413C514E39C89F4F20C16E5F1B87007B0F71C2C1ACC90D0373881927704E95B1524750CA0B74A1ECDC25A93FDE13C481D4D1D43B95EF1F923621831E92ED431F4861385A618C5E6164CC0E6BAA5A1C0F020BC04DC1C0D6CA779692EFA5C7DBDE9DE92384D75B668A525DE971B5ED23F3C251E1917D972729D59153454767A26B6281ADE71CC60C01D8156B31C9DC47B0298F28726BDA6AA6E721AD6347801FEEA215B2FA150CB34406BC86B3C4AEE68A0B16914BF92893F8A8C639666C80863DB9E07184FF68BC3A8EE14F5F012D9D8439EDEA7E388F6855CFE56A9A6AAD4257CA33F381E773FB94DEDE2331CBA77B4B1AF61EDEBF252C5961A884A0D1269C495F2DF6AA7B859ADD7EA3C10488DEE1F6A37FD127C09FF0051543F62E91631B71E4AEBA23873E08E40DCF516F4DBE617386EDDDAB81B76A70F66D1727C1D19C80FD4978FD29EACD559F203F529FEB4F5662E764FA996A04210A030421080042108004D9B4A33B3F721FA349F84A734DDB443361B88FD1A4FC2538F6819C8D1C7AA9460F16705D63B1A73B29683C7F91C5BFF00CA1730D9018C452324635C18410FDE378EC56D6C9F28BF92ACD4B6FAF8239DD4F188E39A2974EB68E196B86E38EC27D8BB3A9D364CD05E9AB298C927C96EA14161E536D4EFE9296ADBDE343BC8AC9DCA96CF464897D318471FE4CE38F72E73D1E75DC5966E44E179D6A0C3958D91CE1F5F50DF1A397FFAA4B7EE5676769ACB535169AF8EAAB43710D3B98E692E3DA08070AA78669D343B4557CBA169E50AA34107F93459DFE2A0718C9DE965FEE535DAF35170AA91F34D39D4F79606EFEC03A824F0349277FB974B04762A657337C34F2C8ED3144F7E7EE84E14F62B94CE0E14C5AD1BF53881D49558A925B83CC22A1F0E86E49FE185ED2D3544B572C249023760C8E71DE72BA31C49AB68CEDBB236039B532B5E30E05C08EFCA57672E176A319CB7D2E3DC7F5C2D158DE66E7551FDD7B87C5688A591955CE44407C6FD409ED0723C972AEA6D1A28BA394887D1F69E477D996363C7BB0A277281F556D7B226E641873476E14C368A68F68B64EDBB434AE2F9211CC54B7AD84FFBA894533DBC42EF68A51CBA5F4DFE0CB92E33B2135275B3D1E2687973F23774B3D8AC3B5406081911C1E6E9C31C7B4B5B849C3632F333608C4A7717868C9F6A5F4FF3703DEFC81A7793EF2ACC1A6F45CA4FC84B26EAA271B3CC645C9D5DA49373473A78F6300FE0B9D7A418237373BB3D1C642E84DAF236779316D3CAED33D43435CD3DAFE93BDC33EE5CE6F7B9CED64F48EFCE179FC991394A7EED9A63CA3A3F901FA9527AD3D59AAB1E400EAD88793FFBA7AB397366EE4D97204210A20084210008421000905FC7F325C3D5A4FC252F482FBBECB5E3F4693F094D76072B6CE4627AF8E09F49CB3E6F533506BB1B8E3AD5ADB31B114B5AEF4EAB647050B065EE031CE1EEEC099761F62FF294F6E324CD6B1F4CDA89748DEDEA033EC535DACAF1CE0B5D20D14D4C34968380E777F705DFF524DFA38DF3EFEC656D455B1C219365E87E660B646580E03CB339F7A535760D9CBDD306C942C8B5FD19631A48503333F03A4481C0929CAD57A9A9A61CE12F8B3878ED0965D0CD2B849DFE48ACCEEBC11FDABE4E1D6CAA1236673E89E702468DED3D40FF00E55737FA06D15673709701A77B5C725BED5D394155497BA59E89EC7185EDC3758E23BBC1503B6F689E8EF95704C1CE731D80E3D6DEA2ABD3E5738B84D7C48B1FBA216ECBF7B9C4E0714E93D1D5B442F2231196020C67878F7A4A222CC870C25B494B2B1A1C5CE11BCF01F695D0C6DB1397038D958F64C2404B4E7882A4869D937361A37039DC389EDEF4D16DA5063197541DFC1A004EECA7C018A7AB76FC74A5C2EA635B634D1448AF2F6D11DF2B87DD95C137B5F891C73C4A71BD8FE7AAC0463E75DB89CE1206D3C8E8DD235874B465C71B9799CF6B2368D8BA27FC97ED253DAAAE4B75DDCD75AEE434C833F41DC0394836976667B2D4974799E824DF0D43778C7612AA3FB11E8C076082ADBE4FCEDF49696C36F6D3BEDEFF00A3E9B1EB601D837FC169D3EA258A5B97F2884A0A5C0D916868049E893C73C14D7636C0EB8D4B2AEB18E65B69C877CE0C73EE1D99FB23AFB56DFF00A5B6A69FE785B367AA2407506E873067C3254436FF006D36C2387F24DC68D96C1A78C20E651D8D3C3D816AD4FEA32CF1D90FE58A3894449CAEED61BF5EA4A0A070928A8DAE66A1C1CF3C7DDC3DA555C4A551B9C58F76A70E19DFB8AD1A7A5C372E5CFE38A512C5C1D19F27CDFB1520FD29EAD0557FC9F7EA64BEB4F5682C5254CB0108424008421000842100090DEBFB26BBD5E4FC252E48AF1FD955BEAEFF00C2535D89F457FC8F35C2CF5950E25C581B1B33D4037384CF56E73EA247BCE5CF713EF4EFC8DC85D6BABA49060B83641DED2319F8267AA85D0D44B1C9B9D1BC83EF5E83495FB89DF7C18756DA511B2E95AFA59A0A2A721B34CD323E4C64B5A37003B3256CA29E4925E6A67193503A1C700E40CE3BD17BB354D71A7B8DB873934234BE30704B7B4769CF52CEC56E9A2A864952C744D664863CF49CE3DDD438AE8294145BF2422D6DB2C0D997BD96C81DF48C730CFEA9507E5A6939BBC4350DDDCEC3D2C77153DB1D3BA2A063305AF9256E07871509E5AA60EB853C60825909C8F12B8D879D5F1F734C3E9E4A7A36E493DE9FE46E658A31F45BD498E323527D7380AB68F1F35D6D3782B9120B733E6C6E4E4776E482DAE1A07825EE2B6CFB205577C6E6FB59DF395BAAAB216DBDB0C07763496E7AFAD637A1FCF955FB72905343CF5708B38E7250CD5D99385E6322BC8CD2B925DC9B6C81DA6BA1339D1414C35D449D83B3C55837DDB37C2C16AD9D6FA25BA9C08D9233739E0767604AAF96FA2D8BD9386D16A73DB2D7B83E6909CB9C3033BFE0ABE94EED2D0495B743A58E5F9935C78443264DBC22416CDA0B84351A9B709A273BED97970F683D4A77435B6FDB4B7CD66BF53C66AC3776EC6A1F79A7A8AA8D8D70C3C8C11C13BDAEE75304F054C206BA720878E237F5F775782D9A9D1432C6E2A995472493E484ED96CD4FB317A96827DFA46A8E4C7D3613B8F983E0A3E574172B76F83683652DF7CA78CEB8F0091C431FB88F63B1EE2B9F5DC02E345DC6E8D367457C9FBEA64BEB4F567AAC3E4FDF5325F5A72B3D73B27D4CB50210850182108400210840024778FECAACF5793F094B123BBFF65D67ABC9F84A176050DB21B702D55D6E89B4C5C618399970EFA63391BBB94FF6B2DED9832F148355355341908DFA4F6AA46C8CE66ECCAA99A431BF45EEFA3AB07193D5BF0AD4D98DB08A81FE8D5204F4729F9E68DE187AF4E788ED5E87D19AF9D8D72BBFBA32CEA6B6C8D2C61032D2467A814E763A23555F107F5E77653D8B5ECF5CDE67B75CE389AEFB1AC103C01DE16C7C3B3B6531D4D55CD9860DCDE741D7E206F3E0964D6A71A8C5EEFC14474F24FEC3E41CCB1BCFEA029E99A74B9DD67ACFB1511B7D7675D2E35754438073B0C07EE8E0A57B55CA2417077A252B248ADCD075BB182FC7511F75573B4B58CA93CEB5ED3A9BC5BC0F625A3D33C717927DB344DD7C286389C06FEA09D8D40350D3E3E698DA778EC4A9929D6379DCB4629ED20C9A5AEA7A2327A93BB24D401EF50EB6D4E08193EF521A5A905ADCAEA41EF4512B20F7C6E2F9547A8CE7C9375B49FCA54E7FC767E24E97D3AAF1391D731F24D36F045C211D93B7F105E6F2AAC8CDB1E8BBB9479F9CBD53C4493CD52331ED0A213B9B4F4F2D41C111B738528E50A37376818F70C35D4B116FB9466BA0754DBE785837B99BB1DBC577749FE246BD8CD93FF42252575CCCC6733BC9073A07D11DD852EB24BCF42E918D0192C05C00FF009E2A271BA166B76FE75DB9D1E9DF9ECF1531B1531A5A58A370E9C70633DF8CF9954E9375BB613AA2C5B666E3C98DCE9A56EF899331B8F0D43CD736BBABC174A6CFC828F93BBA544C300F3A477E18079AE6C7EEC0EE5C9957A992BAB342E91D0DF27DFA9F38FD29CAD1556FC9F3EA7D47AD395A4B9593EB65C81084280C10842001084200124BA0FE6DABEF81FF0084A56935CBFB3EABF62FF2285D83396A90D3B63D75313640D716F4CF0F04ADB596F67D1A5887B7FD925A21A9B2B7FC52B63EE72C10B4361849C903533257B2C52DB04CC8D722875C62737A10B5BE0E2524A8AB76090405A66964999238BE369739AE3BB18DDD41217499CE24CFB129E46237554D9A42EEB271909256CBAA260EE44F23051B58D3976AC9F0499EE74806EE0B1CE43A3C2EC06ADE5DD35AE3A69E78DD2450B9ED66E711C0650F243803C47154C58DA1C29A5D053C5256745BBCF151B64894C53E37656BC599C4ADC4F6E6755639DDB367E0536D1B836E3193C04E09F00ECA5D54753E377F883C93531DFCA7FCC57332CBE65B2F87474172894C2AADD6CBB43D28DB1885C5BBF880415048E47B77EF4E3C975EA925A79F662E8E0292B3FA271FEEE4EEF359DF6C55563ADE62AD8E31FD8940E8BC78F6AEA7E9B9D417A337F8FB94E74DBB437688E47F3AD86312FDE0D19F7A7185A5B0E77973880D00649EC18EBDE9333E6F05CDDC4E076953CD94B1181C2F77B60A7A6A760740C90E3ABE99ECC7505AB59A9869E16421093AB35F285511ECEF27F4D6CCB7D226D2C70CFF009A43E63DAB9D1DD59538E5376AFF00EA5BFBA4A77BBD0A3063A76F0D4DEB77B777B142256E92BCFC5351A7DF6CD5E4E84F93DFD51A9F5A2AD35557C9E4FF00DA957EB47C95AAB9B93EB65A81084280C10842001084200127B87F51A9FD93BC92849EE1FD46A7F64EF2284072DDBFFBFF00DB15A2B373A9CE78BDDD5D856FB5EF92A0764E568AC3A9D4CD071995FF00897AEFF9232F93573CDA7999216991CD6920386E04E403DF83BD66FBCCA5AE02921603BF2070C7FC1EE59CD5829EAE198C4F9B44386878C0D593839EECA4E6BE410358DA7606880C20F89CB9CABE6818DC5C727A0BD648F8CEA6B46F04630B12E701C075AC4B9E0672D1ED599B1D1B25D4CA58DF1C8F6EB243835C40DCB44AE3ADB93D49418A6A9A2618A373F9B79D440DCDCF04967C87B41E3855B7C92A336BD66D916805640A6A445A17CDBA384F6B9BE499C1F9ECFE714F12F4A9E0FD609A9ADFE547F5CF9AC996DCD138F0874A279648D2C90876327B95B3B33CA3E68196FBBDB26B8863400E68D6E23B48558DA28AA2E1570D2D3445F348ED2C6B38B95DF1D75AF60ECD150474904D762C066118DDABB5C78FB15F251694146E4CAE09DB7E0D50ED55969499683642E2E9B882289DE642AF7941DB8BE5E5EFA2AC81F4348C1934BA4B4BF7FDACEF23E1E2A630F281797D4EB7CD0C71FDC6C4303F895208DF66DBAA47DBAF34B132BC34E9747F4B87D28DDC7D8A3974D9303DF3871F9BA2CDD197D27371CBA391CF192081A89DE16A97E8B53FED8ECDD5ECC5EA6B7D480E3F4A397180F612707E1BC2609869E8A4DFB0793A03E4F1F55AB7D6BF82B59555F278FAA759EB47C95AAB9793EB65A81084280C10842001084200168AEFEA73FEC9DE4B7AD359FD566FD9BBC90072BDB4FCF557AC1F35A2B5C03E9B1C79D7FE25B28DDA6A6AC7F8E7CD24AC906B8F1C5B23BABF38AF57BBE52335726F96A9F056534C217C8E8E3CB79CDC33BF18EDC247257547A344CE6A30C6C2E89AEC7513BDDE2B7C951352D553CCC81EE70610DE74E75125D8D3DB8CA47513D43E9A26CC18236B0B637638EFC9F6E70AA6F80A343B575166FDCB02D71DFA8200711B9C3AF8350E0FC7D272CF633395EE8E8D8D6BCB75388760E3293CC7A4CF0594C7F93C79ED2B094380693C08DCAA6F9268F015E82B00BDCA4A40D0E9F4A2A7FD6091C7138D53BA3BB59F34BE23D0A6F679158DAC62EB4FD1FA552DDFDBD3086BE2205AFB09699765ACB59B4574A63155BDBCD51C720EDFB4982BAA1D2CD24D3BF5CB23B53DCEDE492A77CA656BB9FA1A168F9B8E10F7789DC3E0A0D27371B1F3C9FD1C60977B3F8AEA7E9B8F6E279A5DBFE8AB2BE76A1B9AE7675276B5D754D3490D5539E9D339A5BDDBF77B33D5DEA2A2F9555123A46C10733F734E0B8766AE39EFF8290DA9FAD92F35D26C94E5CDF0C020AD50CB8F345C50A3F0F24E395AA18768763E86FD047F39163C435F80E1EC7007D8B9EDC72BA56D63F28726373A697EC366637DC1C3E257351E23C179D4B6EE87B334FDCE84F93CFD53ABF5A3E4AD55557C9E7EA9D5FAD1F256AAE764FAD96A04210A00084210008421000B5557F5697F50F92DAB554FF5797F50F921760726C6FD3555DDF3BFCD22AC735AF667817BB3EF5BE4762A6B07E90FF3486AA4DEDEC0E71CF7E57A4DDF2D233D0B9D254C15D492C30B8CCD67CDF3A75EADE7047867724754FAA30D399FA2C6873623A719DFBFDB9216D15CFA7A9866A70D12C208D6E76AC93D9DE32B44AF9EA5B0B1CF2F110768C750E24A8392A1A426CE376A76EEC5E1D3D5ABBD01A31D7BB7FB1787483820E7BD5363A3C988E699A7864ADC2B5CEA36D2C8C6B98C396BB8382D474E96EA761BBF876AD6FD1D1D248EDCAA1C9A9704A8DADE61C77B9ECF665288A92194F42AE30EEAD634A44185C771CAC8C2F1C5A4F829466FCA1343D0668303720E978191C0EE2B4DB0FF003D52FAD47F8C2D94FBBD1BC4792F689AD65F2908707035519247574C29BE48D16CF286FD5B4D20EC8A31F0511BF31CFB25586710CC9F61536E53E0E6EF70D48FA1340DC7885128EA060B5C1AF61182D775F685DBD1AF5347151F633E4B592C85D04AF642D0F6E98A31AB57BD4D6C54EFA7A28B5B7A6DA6D2E6F612387B12182CF40C9DB2C70C980ED42373F2D07C1486288988340739F2EE03ADDFEF950C3865863730C92DCAA24CED32FA0F26973A97FDC9CFFA74F985CD2EE03C1745F29D551ECFEC152DA83DBCE4CE646EF01D290FC0FBC2E722570B76EDD3F76CD515C51D11F279FAA555EB47C95A8AAAF93CEFD92AB1D9547C95AAB9B3E64CB4108428802108400210840024F5D2322A49E490E18D8DC5C7B000942D5511327864865198E4696387682305007214AF6BEA6A1EC3963E6739A7B417120AC590F4C16F16E48DD90AF5BAF23163A824DB6AAAA89DD4DD5CE37E3FC144AE3C8FDFE89C5D453535733B1A4C4EF8E576716AB14924D94CA2FC15ACB44E320743C0F51EDEBF8AC4C13884EA3207B061AD68DC41E2A4B5DB3B7BB5BCB6BEDB5708FBC622E67EF37207B537C726A1BB4B876B1CB4A509AE190B688EBA373719CB73C350C21ACED2DF6952273C700D0475EB0B1752D2C83FA1683F9A7097A3EC1BC623046465CEDE7EE95A9D01E00829EE4B6C38CB647307E76080B4BEDB237FA37B1E3AB071E6AB9614C7BC68E65FD4DCA1A648F7B7537C138BA9E68FE9B1ED1DB8DDEF59C716B680E2D3DC0283C15CA63DE0D908753927272DCFB96BA799CCB807B464C72EB19EA20E51287190340E0FC8F0091BE42247BC3C6F713801552953E49517F535737941D94798E364774A27679B69CEA18EAF10A1622D0F731ED2D7B4E1CD23782A35B27B5553B3D5D1D5D1BF040E9071DCF1D6D2AD78F68F62769489EE120B7D7B9BD3C9D273E47C56AD26B3F6EDF171FE853C7BC8BB23118D6770EF53DD8CB2383C5E6E4C114308D5031FBB27EF1F0491957B0B656FA4CB5ECAA99BBDA247EBE1D838280F285CA7546D04325BADED349418C38E7A737563B87727ABD74B3ADB054BDC50C4A2EC6FE55769E3DA4BD3E780FF0025887374A09E2CCF49F8FCE3F06AAFCACDF23A4CE77F01BFAB1C07B96A705CD9CA9522C47437C9D1FAB662E0DECABFE0AD95517C9CBEAD5CBD6C7E156EAC4FB2608421200421080042108005E2F50803C42F50901839A1D90E191D84267BAEC9D8AEC0FA7DAE9A571FB7CD80E1E0427B42926D74C54995ADD391FB45438BEDD5B5746EEA692246FF00AB7FC5446E9C92ED153389A2968EB983B0989DEC073E6AF842BE1ABCB1F245C11CB374B15EAD61E2E96AAD81838BDD117331DEE6E47C53632A1AE196BD8E1DAD395D6E5B9C82011D85325DB64367EF24BAE368A49643FDE7361AF1FE61BD698FEA0FFD911F4D1CCC676601697823DA126352E9267B5EC6B863E911E1D7ED577DD7918B3D46A75AEE15B44E23735E44CCF73B7FC543AEFC8F6D351EA7DBE6A2B8B00DCD6B8C521F63B23FD4AD7AB84D70C5B68AD83838976A2776F485CCE913DEA4178D9EBED9759BADA2B699ADE32BA12E8F1FAE32DF8A436DB15E2E98FC9768AEAB6B8EE7C5039CDFDEC615539C58D262011638B9ADFD62B7B5E18CD26A1E7F31A3F89533B6F245B635E03A4A2A7A207AEAAA00F8372A596DE41A4243AEB7E686F5C74B4FBFF79C7FF8A8ACF0892AB29D7491FF00E9B9DFAEE5A64981E0D8DBE017495B7919D92A30D3510D5573C75D44E40F7374852CB5ECBD86D4736DB3D1533BEFC7080EF7E32A13D55F40A2728DBF66EFB757036EB557D46AE0F6C0E0CFDE3B94A6DBC8DED85706BA6A5A6A304EFF00489867DCDCAE9C0DC70000EE592CCE6D92A213C97EC654EC5DAAA692AAAE3AA7D44C25CB185A19BB18E3BD4D9085018210840021084002108400210840021084002108400210840021084002C50849801E0B071C1681C1085242335EA1081A05EA1093004210800421080042108004210803FFD9,'Gabite Gamer',1,1800.90,8,10)
insert into  Produto (id,imagem,descricao,id_categoria,preco,id_marca,qtd_estoque) values (3,0xFFD8FFE000104A46494600010100000100010000FFDB0084000906071212121512121215151515171B151615151816151816181515171715171516181D2822181A251D151521312125292B2E2E2E17203338332D37282D2E2B010A0A0A0E0D0E1B10101B30251F26372D2D323237372D3737302F312D382B2E2D302E312B2B2F302D3535372B2B2D2D3737372E2D2D2D2E2D2D3237352B2D2D2DFFC000110800E100E103012200021101031101FFC4001C0001000202030100000000000000000000000506020401030708FFC400481000020102030406050A050107040300000102000311041221050631411322516171B13252728191071423334292A1B2C1D143737482B3F01524346283C2C3548493A2164455FFC400190101010101010100000000000000000000000203010405FFC4002711010002020103030305000000000000000001020311120413315181B14142611421233352FFDA000C03010002110311003F00F71888808888088880888808888089D4D8941A175BF65C4C4E2D3BFEEB7ED03BE26B9C62F2B9F75BCED3138DEC53EFB7E9781B51341B1ADC828F8B7ED69D4D8DA9DABEE53FA981291215F1553D73F05FDA74D4ACFEBB7DE23CA0582251B6FED04A548B57AE2983D40D51F2F5882400CC78E87E12B3B336AA1C1A7CF2A55B553470A859AAB54355A9066B306CCBE9025AE387C43D69B1281821750C782DC663E038CED9E15F281BC08D84F9A54A2A1E9D600E51F4796929CAD48FD9639974E201235B826DDF21F8BAAF84AC2A547A812B593A462E541A684AA96D72DF5B77981E8F11101111011110111101111011110111102331D88ABAF46E8A55C0B32354BAF54B68ACA73104DAC7B343C27383C6A575CC9503ADCE52A6DE8D8370B1B86B837E045B8CACEF7ED0C385E9EADC9C3D4E9141E9110BA665A43385B3037BD81E3F09D7B8BBB630C1B175DAF5EB03AB757A34A8E6AB2283E8E6762C41D745161622061BEBB46AD2C4535A556A28387AAC4076B1652B94904F117324AB6DC65C6E1F09F35775AD4CB357B1210852C33756C41B589CD7B91A6BAEA6F16C0A18CACB55ABE350A21A6128232A10492D766A26F7D01B37D9136FFD9696B1F9F38EFC4320F781553CA04E614F517969C3B270F23B08E941053A54D1141242BD5035662CC49198924927DF3338D73C3A3FED352AF92AC0DC9C191E71153D6F850A8A7E2EE6604D53F6AB7BBE6C079123E30240CC089A06839E39CF8D7A89F853004C4E02FC554FB6D52AFE730376A0B71D3C74F39A55F69505F4ABD15EE3512FF0BCEB5D988BA84A22FCD68A83F1B99DBD091F6DBC00403F0581198B7C06D0A6F863568D6561AA23A961D8CA01B823883285B2862F66D63B30F58621B361313C475572D99581199572E9A5BBC1596EDE6DCDA18C5BD853AE354AAA32B661A8CD6E3FEAD6911BADBD1512BFCC768DBA556B52AAC06A6D6018F0CC413661C41B1D78855FE51301570B86A387AA69D42F55AB74833E72C059CB96637273AF002C16DE1E81F213FF000B5FF9C3FC4929FF002DFE9E1BD9A9E6927FE42F69D9AB617268474F9EFD9929E5CB6EF06F781EBB111011110111101111011110111101111020315B3E956A740D650FD114AA809D03AA1CAC47036B93AF0B5F94D8452DD62481CB9123FED1DC35ED379D34CE608BC82027BC0034F79FC9DF36C340C4D05EFF007B31FD6626827A8BF013B0998981880070D3C2704CE4CC1A070D309CCE2072240E3B68E21F15F36C30A6BD1A87AB52A02C2E750A0023915FBDDD2784AE6EC1CF88C756F5AAE41E14FE8FFF001881B9F3EA94EC310812E6C2AA1CD4893C0124034CF0F485AE6C099B64CD96008B1D411620EA083C411CC48D5A5D110A2F90FA17D721E392FEADAF97B2C47AB03BE5637F363A564A354819C5414AFED8392FE0E14F85FB659C9915BD27E8297F5347F3081E6BBFB89E997079BAC556B21275BE56A7949EFCA07C4C7C9EEF3D3D9F886AB569BB23D3E8CE4B12B7756CD636B8194E9C66AEF3FF0003BAA571FF00D691FD64335125198701A1D45C5C1B5C76687581F54D1AA194329B860181ED045C7199CD5D943E8297F2D3F289B5011110111101111011110111101111020701C07B2BE6D3BAB565452CC6C06A4CD7C01D07B2BE6D23F79EA1C883916B9F70D3CE679AFC29364DA751B61577975EAD3D39166D7E007EB38FF6D5622E1298079BB651DDAB3017E76ECD64250CB99737A39866F66E337E1792F4C93D442951CA95392E52C4599EA3B0D06A5B2816B9B9D6C27CBAE7CB7F36F86117B4FD5D788DB388562AC1548E232FEE4CD66DAF5CFDBF82A8FD231D5D0B90355545A6AD617391400DAF0BD8FBA748ACB7072DC650B6B05D6D663CEFCF5EF99DB2DF7AE7299B4FAB96DA154FF11BDC6DE53035AA1172CE476DD888158655196F94DF8E87524F57BEE35EE9C3D624936E2431E3C4037E3DB726673699F364EFF2E03BAB5EECAC3C419C52C3D656A988C138E95BAD570B575A5548372D4C8D6939B9D46973A83155F3126C05F90E138A750A90C0D88E0669873CE2B7E154BF194FEC0DB698BA59D432329C95293FA74DC7156EDEE3CFF09B78A4041074EFECE608EF04023C25630D5453C72555165C5215A8070E929955BF89CE87C019697E627DBADA2D1B87AA276D646EDE3CC761E040F0208F748DDE93F414BFAAA3F9C4911C01F77E009FC4B48DDE8FA8A5FD551FF209D75E5DBC22E29F755ADF8A50FDE450A87232003AE45CF336E02FD97D64C6F07A34FF009B5BFC78690B03EA3C1D2294D14F1550A6DDA0013BA22022220222202222022220222202222057F01C07B2BE6D2377A07553C4F9092780E03D95F36940F96DC43AD0C385765CD51C365256E320D0DB88EE99E6C7DCA4D536AF28D38C6ED6A1474AB5914FAA5866FBA35FC243D6DFFC3A02B4FA570DE9655CA0DB866CE41E6794F3402DC2733CD4E8691E666511862175ADF2807EC61C5BB5AA7E817F59A5577F3127825151ECB93F1CFF00A481D97B3AAE26AA51A285EA39B003976B31FB2A3892784F52C760363E0529262310AD8909D714A99ACAECBAFD204EBA81D99D01B1360341AC74B8A3ED5F6EB1F4519B7DB17DB4C7764FDCCE06FAE33D6A7F707EF24B1D8CC163AA84C3D2A9498DC1A36CC8CAAA5BA7A40331C3BADAECB7285471BF1A63290483C4687DD2BF4F8BFCC1C2BE8B2A6FCE2C715A27C51FF479B9477FDFEDE1D4FB2E57F020CA6C4E4F4D8A7ED3B75F47ABE0F6CFCE30F4B1494AA65A3886150019C81D121B80BA9172BCA5EF0FB4E8D5FAAAB4EA1EC475623C541B83E329BF2387FDCEA7F50DFE2A32E78AC2D3A9F5888FEDAABFE6135AD62B1C61D88D7EC3210AB7E3AE9EF917BCBF514FFAAA1FE55929535F2F003800390915BC9F534FFAAC3FF95653AF32DBDE8D3FE655FF001E1A43349ADBDE8D3F6EA7F8B0D216A70303EA9881101111011110111101111011110111102BF80F447B23CDA79E7CB97D4E1BF9AFF904F42D9C7AA3C00F323F0606553E543652E268D2524AB0662ADC6C7281A8E62552937B718F29BDE295E53E1E15136768602A506C9516C7911AAB0ED53CC7E3DB69AD3931313A9544C4C6E1B3B3DBAC50B655A8AC86E485EB290B9C730188E3C38C97D8D428D05A9F3846CEC0D35A415AE54DF35ADA5CDB8DF416D7AD22B038215031351532B531D61A5AA54085B88D141CC78F0E5C64A61712C9F4631A554332EB948016A535194DDB46572C2DA0C875B026552FC6769C94E75E3B4EEC0DE4ABB3B35555E8A8BE8B846EB35537D5DCB7592C3B0802FC0FDAA1092F528D0399AAE28B3F44AE2D76CCF662F46EC2E2D9400DC2EE396B3471C94835A93E75CA0DCF1CC475811616B1B81C6E003CEC266772A88D435E22271D7B07C8EFFC154FEA1BFC5465E5A51BE474FF00B954FEA1FF00C7484BC9871D66446F3FD552EFC550FC2A827F092B5AA2A297660AAA2ECC790FDE5036EEDC6C6564A7411B225F2FB4C329763C8D89F0BDF908101BC0BD5A7EDD4FC29D007F107E120AAF03E07CA5A77BB0D9128A837CB9EE7D667EB31F8DFE2255EB7A2DE07CA07D4E273381398088880888808888088880888808888146A1B728B3AD3A7554561646A4DA672BA15D7D1A808B03EE3CADBBB4F65362D06460A57AC330363980B5CF2F81907BED8EAA94F15942A855268B020B54AC6AB5E994E16B65E57B904775BB623105B371080B5B5D73B936038CAA5E696E51E517A45EB359F0A06D7DD7AC14A56C3974ED0338F1BAEABE3A1943DA3B9DA9341FFB2A72F061E447BE7B6FFF00988634CA616B32544AAE1DBA3A761877C95735366CEA4686C56FD6ED040ECDDDDAF87DA48EDD0D3608C149CD4ABA9CC8AF60EB719866B11C8CF55BA9AE4FECAFBC3CB5E96F8E7F8EDED2F9FB0986F9B06F9C611DD8F0242B2281C75B15B99CAEDEA23D1C2A1FFE31EF16A667D1D5376B08DFC151EC965FCA44D5ABB97806F4B0EADED173E664776B11AACCC7B47CED7DAB5A777889F79F87CFC779FB282AF830EEEC41D9F8991DB436954C5D45016E545969D3058F2B9B0B924E9F013E93A1B93B35355C0E1FDF4D1BF3033676AE5C361D9A8AA52B651D55555505D549E1616049B9D04CEF9AD68D4CB4A61A567710F9FB637C9DED3C4DB2E18D253F6F107A103C5482FF00059E93BB5F23986A443E32A1C430FE181D1D21E201CCFEF201E6B36B01BCD8A016AD7A9950101E9014EAB96A8B4F2047A6811C0A8D909BA8B3EA41B1996C3DAF8D7AD443D5A8D4DB25FA89624AD336BA52CB96C5C960F60C2C3B264D964C7E1D29954A6AA88A802AA80AAA0136000D009A8D37F6CFA7FDA3CCC8D2D02ADBF75D88A387536CF9AAB77D9D2925FB83540DEE956C251767A586A2C29E74E92AD426D94045AAD98F62ABA01C892C4CB5EF9513F455945F25D0F833A3AFC5D114F60626416070D5BA4A588C3AAD400747511885CC0D35437BE96645A4D6E5EFD023B79300A94C3AD57A88C15D2A66528DAF476B6552AD773A70F85A55EB38CA751C0F94B56F9D0AB4D505440884AD2A34E995C88A845462C013AF500B93F6B41C65753274752EC2E6C116DADC1EB35EDA0CA48B5F8DB4E703EA01399A3B0FFE1A87F293F209BD01111011110111101111011110111102B430D4D952A382CDA5419999955DBAC5825F2E849234D395A6E6C67033B9D01198F701C3E0A048F2D7A74D7B5547C575FC03493D9C01CE09B0CBA906D61DA0F2F1811783C3615825DAA2695957A42A330C6BF48D948166E1A10741707506D96C4C4E0F0ECF4D2B3D4A848562CC2A542B4E9A9A7644D725980165D4B77CCC6C0C3E5764AC0D52AC0D52698B74A815B30A61458F50902D728A788BCDAA9B3F08532175CA0ABFA634CA129ADF965EA28B1D0F03C607657DE4C32AE6E9011D427900B55994392740BD4737EC5EF179546B8045F517D41075ED07507B8C80A7B2767A91AA1202A0CD54B5C28C3850416EB7D450E3DFEBB5E7A8D30AA145ECA0017258D80B0B93A93DE606723B78431C3550A8CE72FA080176D45C25D9406B5EC6E2C75E524647EDFC19AD41E9A852495367D14E575620E8742011C0C0F38C46229B5164AA4D025DAB14AA2A30A86A69595F405C5F5CEA2C2E8816CD92A6BEE86132E230EAE2A964AD990550ED510046A59AA1AAECAC7AACB7A165032B016B859CC3EE6B84FA41866A8B734D8BD8E634A9267CC29014D89A563956C43EB980CA64B666ED53A3894AC2A2DA98088BD296D02D8E50E0B53177A9D50E41B2DCF604A6DB3F49FDA3CCC8C2648EDD3F483D91E6646340E8C5505A88D4D85D5C153E045A557776AB53AC693FDA250FB6A58DC0E57CB50F835312DC65537810D3C43381C42D616E2596D9C7BCD2A0BFDC6047FCA19FAA1DE7F007F7947C47A2DE07CA5DFE51181E848E07311E046929558755BC0F940FA929F01E13298D3E03C04CA02222022220222202222022220222205530DAE4EE41F9547EAD24282DD2A8B16BD361945893707417075F7191D81E03D85F36931B23D26F0FD605768E26B3AAA9C056D4842CCE7305CB401624D3D7D017F64FBB0A3D3E4B8D9F50368429AB6D4F50EB947056CDE28A788BCBCC40A4AE1B106C3E6165B006F54E8003A7A438166FBC64826D0DA672DF094D7AD66BBA9B2E9AE8FED7C259A2047EC7AB896527134D11B4B0437E5AFDA33BF6851CF4CAE4573A10AC4A8241075201ECBF0E53662057CECDA801B61F0E4F5B8BBEA18DF4EAF123437B5EDD874EEA7B3AAE97A5860735EFD76D05ADC40D40B8F87849A8815FDBDF583D91E66461925B7CFD20F6479991B78189907BCC82F45C8E5517DCAA2BF9D1938645EF025D68FF00348FBF49D0FE68149DE96BD0C2EB7CA1A993DF4EE87F24ACD6F45BC0F94B06F21EA20ECAF5BF1763FACAF57F44F81F281F51D2F44780F299CC28FA2BE03CA6701111011110111101111011110111102A3813A7F68F36933B1FD26F0FD642604FE51E6D26B63FA4DE1FAC0968888089AF87C752A8CE89551DE99B3AAB2B321EC700DD4F8CE1368D1355A80AB4CD55199A907535154DACCC97B81A8D6DCE06CC4D1ADB630E954506AF496A9B014CBA8725812A02937B9CAD6EDB19BD0111102BDB7CFD28F6479B48C925BC3F583D91E6D22B340E4991BB6FD1A3FCF5F2337D8C8CDB8F65A5FCD2DF7293B9F28145DE2F407F3EAF9B4AFD6F45BC0F94B06F07A0A7B6BD6FCCC3F495FADE89F03E503EA3A1E8AF80F299CEBC3FA0BEC8F29D9011110111101111011110111101111029D82FD079B49BD8DE93787EB21307FA0F36935B10F59BC3F5812E65570387C6F4950956A66AAB02E7A22A84A1286CB509EA36551DA09BF759EB359588E2013F84ADE0F68577C2D5C9573D6626952A991484764B53A8E2C14AE6B31E3A587740AB6E46C6C4263291E8AA524A2ACAFD2530A154AB03492A95BD6CEFD1D4CC0BFA06EDA812C384A04E2D07482D4EB55A960C0AB7482A8D13266153E90E625ADA1B7A56109BB1BD18FE99131895CA95A8D61441B81D1F44C6A2D3551AFCE05B4365A6799BDAF0FB41EB62D543B52A6B87A75C522AA1AB1AC6AA90F981B0A79134420E671736B02144DAB8117C4E1195FA7AF52AB819159DAA3546386AB4F1196E8154D2B6BD5144CF57A408500F1B0BF3D6DACADEEA6D1AD5F03F39AACEB52A03532BF439691CA3E8D053B9080DC59CE7BDF358E82636356674CCCC18E665B0B75723152188D0B5C1BFC395C876ED05A856D4F8DF520853F8A9FF00426AF415F3DF31CB75FB639382DA64F56FE3C34E22522056F788FD28F6079B48A929BC7F5A3D81E6D22CC0C5A42EF3D500D153C95DCFF7E5A1E5509F749B02E401CE53B792B74B89645E1714478282A4FBCD473FF4A043EF0A91430F7E2D773E2E1DBF595DABC0F87E92DDBEEBA520380361EE46952ABC0F840FA7F09E827B23C84ED9D182FAB4F657C84EF808888088880888808888088880888814EC27FAF8B494D95582BD8FDAD3DFCBF6F7C8AC31B1B7680C3C0F1FC6FF00113BCC0B5195DA18DD3AAF585B8D930C38850069A1B0B5AD24F66E3B38CADE901F7876F8F6CAF643A7547ABC5C0BE9A8BE18DC11CFFE63E3037B0986D73D315C1B0170940705B73EEF3920855CD33530EECF4C8C951D299652CA559D483D436B836B687BE696CFAEA814BD4AB70C572AAB3A9B586B6A2B6E5C8499C36296A5F293A1B1B865E201E605F8C052C1D352C569A2976CEF65033B580CCD61D66B002E7B04ED54038002FD9329D589A01C58961ADEEAC54FC54DE0735EB2A29663651A92794D64DAB40900555B9E0385EE6C38F7E9315D9496033D636BEA6AD5BEB6E61BFE51A78F699953D9AA0DF3543A83D6A8EDC2C6DA9E1700C087DE3FAD1EC0F3691525378FEB47B03CDA4752A7736FF43B607463313D0D27ABCC0CA83B5DB41F0E32A5BBF86CEE6A1E0BC09E64F3F1B166FF00A936378F1DF38AAB4696A8BA0EFBF163E3A8F0064BE170C292051EF3DA4F13029DBFFA9A1FCCFF00C35656190760965F940700D12480054E274FE0D5E72B886E2E351C6E35E3C0C0FA37751AF82C29EDC3D2FF0012C95911B9E7FDC307FD351FF12C9780888808888088880888808888088881E73B4F6B52A0B48D47C99EA2D347B5D55D94902A1E4872D89EF1C38896A55730BDAC468CBCD4F3122B79F60E18D664AC1BE9DECA9A9462C19F801D51D57B9E56321F7536C9776A229D40692903313503253734DE91AD6B33A30BA93625585F5B981700D63706C46A08E526B01B543595EC1BB7803FB1FF005DD20A938717437EEE63B8AF1BCCFA16F55BE0605B625480A83406A0EE05C0F809CDEAFAD57EFD4FDE05B22548B55F5EAFDFA9FBCE3A4ABEBD5FBEFF00BC0B74E09B6A654F356F5AA8EF2EE07C499A98FDA74E98FA6AE5ADF64316F8DCD878EB037768D5E96A92BC00B03DC399EC17265577876E003E6F40E62DA330E7DC3B17CE746336C56C4FD1D05C94F99D75EF3CDA6C6CCD90B4B53D66E64C0C3626CCE8C666D5CFE17FF43E136F1B8944B67655CCC1573102ECDE8A8ED27B2658DC625246A95182A28BB31E000947D9386C46D4C47CF1BE8E85120E1E9B8F4B31B0A86E40CC6DA6BC6D6E1721AFF29E2F4D3DBFFB5A426CFA81289069DD991407CC3AAA195C80BCC92A35D2DAC97DFAA44D072EE0B53A8065B32106F9486562793DEE0F216E336B70776976854345EA3D30B473E640A4F145B75811F68F2E503DCB7670CD4B0786A4D62D4E852462385D69A836BF2B892530A34C2A851C14002FDC2D338088880888808888088880888809C335A730440A4EF6E3D973B53A156ABDC04081458585C967D058E63C09BB77922B9B23692D0428B82C6A8CC5BAC94D89240CC49154DC9379EAA68A9E538F9BAF6081E6389DA749FAC6862D1BD65A4C0FBED707DF349B6828FE26347FEDEA1F249EB5F364F544E3E6A9EA881E47FED9A63F8F8B1E384C47E94A66BB653FF555C7B586AE3CE9CF583834F544E0E069FAA3E103CA86DA4FFD691E346A8F3583B757FF00E827BD5879CF533B3A9FAA3E1383B3297A83E103C92B6D6A0DE9ED2A43FB947E6338A38BD980DDB1941CF6B5643F0B9D27AC9D9147D45F809836C3A07F86BF0103CAB7877A70D430CD530F5E8BB23533929D4A6C597A64E9140B9E29985FBE746EBEF7D3C5F4AE5853CA55423B2023AA6E46BA8267AC36EE618F1A29F744E97DD3C19E34299FEC5FDA050F1BF37AC852A35175363958AB0241B8D3C44D4D9AD4568E6AB514A05A7532E70B95A93D40069DA140CB6D419E84DB99813C70D4BEE2FED3ADB71B007FFD6A5F717F681E4BBF381E9A89C4B3A6562ACA55AEB949CB6B8E26E78F1B8B495F90EACA715572B0396805247225D2C3DF94FC0CF455DC7C0819461E9E507305CA2C1AD6BDB85EDCE4B6036452A22D4D154760007940DF88880888808888088880888808888088880888808888088880888808888088880888808888088880888808888088881FFFD9,'HDD',1,241.29,2,10)
insert into  Produto (id,imagem,descricao,id_categoria,preco,id_marca,qtd_estoque) values (4,0xFFD8FFE000104A46494600010100000100010000FFDB00840009060713131215131312151615171916171515171817172016171617171A181815181E1F2820181B261D181521312225292B2E2E2E171F3338332D37282D2E2B010A0A0A0E0D0E1810101B2D1D1D1F2D2D2D2D2B2D2D2D2D2B2E2D2D2B2D2B2E2D2D2D2D2D2D2D2B2D2D2D2D2D2D2D2D2D2D2D2D2D2B2D2D2D2D2D2D2D2B2B372BFFC000110800E100E103012200021101031101FFC4001C0001000105010100000000000000000000000501030406070208FFC40045100001030203030A020608050403000000010002110321041231054151060713223261718191B1A1C114235272B2D108152533424362732482C2E1F0538392A2344463FFC4001A010101010101010100000000000000000000010203040506FFC40023110101000202020202030100000000000000010211032104123141225161719113FFDA000C03010002110311003F00EE2888808888088880888808888088880888808888088880888808888088880888808888088880888808888088880888808888088880888808888088880888808888088880888808888088880888808888088880888808888088880888808888088A9282A8B1313B4A8D3BD4AD4D9F79CD1EE5446279718066B8961FB92FF60836245A3E2B9D0C137B22B3FEEB00FC4E0A3311CEC33F830AEFF3BC0F6055D54DBA5A2E3F89E753147B14A8B3C439E7DC7B28BC4F2FB683FF009F93EE3183E2413F157D69B77454CDB97CED89DB98AA9DBC4D677717BBDA56053AAF63BA4A6E731E2E1ED241F5174F536FA65171BE4F73A55E9C3712CE99BF6DB0D7F98ECBBE0BA6EC0E5261B18D2685492002E61B39B3F69BF352CD2A5D1525554044440444404444044544154563118DA6C12FA8C68FEA701EEA1719CB7D9F4FB58AA67B9A4BFF000CA0D8516898BE75704DEC0AAFF0665FC50A1717CEF1FE5E13CDF53E4D6FCD5D536EAAB036CED5A786A46AD426040005CB89D0346F2B9162B9CFC73FB02953F06663EA4C7C143E3B95188AB0EAF5C3CB492D6B8B5A01369800415BC309729ED7519B975D3A26279CEA6090CC3BC9E0F219E7104A8ADA1CE4E29A337454A9B6C26EE89D26E1731A9B41CFADD2BDED80D2D6B1999DAEA49015BDA38935603EA5434C19C995AC98D3338912BD1EBE3E372F9BFA72DF25D7D3A1BF9598FAA09FA4E41FD2C60F94FC56BC36F54AC4F4B89A8435C5AE39DD16DFAE8B57C5ED06386598DD02B6591C0864CAB74B1818D86303400746557F9924094F7E298E3AC7B9F2BEB96EF699DAD8BA01CC653787B9C61C03B38CBBC9E0B1053CAECB32D3D93F258DB3C7480B9AF0DB9072D26B4CF9CAC93427B551EEEE9007A00B3CBC93932DC9A5C71F59AB76BB6E23D57B6B78071F06BBF2546E05CE6978AA5B90D801739B5BAB0EC34F6AA543FE68F65C9A5FCD78833137205BCCAABAB01ABA98F178F92F3FAB687459AE6A4E8493D556061D834637D1051DB41B9A3337499126FC3C565E6B5D7BE9982964C833E69CD6D27499E1B96382831EB3C30171D02DC7989C697E3EBCEFA361C21E3F35A3ED83F567C42D97988AB1B4CB7ED51A9F02C2B39351F442222C2AAA2B68728F09427A5C453691A8CC09FF00C449951BCE0F28FE85852F040A8F3D1D39DC4824BBC8027D1703AD88125CE749372759277AB225AEDF8BE73304DB53E96A9DC1AC227CDF0B5AC7F3BEECAE752C280D072CD4A970663B2D1F35CAF138B3D514F34F8113E1C560330AF7070830D399D3B8CEA6E6EBB61FF293F296D66FB7D3A3E3F9CCC6BAA7466BD2A432E69A6CD35B4B89513B139CBC7D1ABD23AA9AEC782C0CAB301D32D78034D088EF5A8E030FD266EB06906249B680EE00AF786A0DCAF71A905A7AB6064F8998D533CF0B358E3A492CF9ADFB19CE7ED07F65D4E9FDC67CC92A0F1BCA6C6D4FDE62EB47DF2C1E8085AD1C430D3CCEA8E2FBDB35A077056AA62F0E29010DE977BB5F2BF96F5CDA4AD4AF9AEE7E6EF24BBF356D988666006624E8323AFEA02C1D89B40526F49973005D689D4F0DE10ED8A8EAE2B3293A45C0008BF11C1067626B398407527826C3316899D37957F6832AD2667753601BA5C4CFA01C544ED5DA789AEF151EC32D820923769330AC6336857A832BDD480E1980F99DE9B34D8F0586A9529F486A536F573650DBC18E24CEBEEA2B65552FA8FA64C0B5C06B4EA66081DC160D3A95B286FD20000400D0E36F10D95EB0583690F1D238BCE58CAD20EBBA6E77A6C4D7283054A9500F654739CED41A85D17D22782F3B0EAE19B4585E28E7CA49CC0924F036F9A85AFB2B28CCF15EDA9FAB1EE657BC1EC86BC07B693C83A67A8D1F85A9BECD2AEC6D318ACF98066E2069D51A08F152BB5394541D48B18E712675606EA23550FF004468A8297434C38EF2F7BA2D2A46A6C075369796D2004EB489D2F12E2936AF3C957751FC337FA42967283D9F8C738060219D6225AD020652EB0D254BD6D96F689755AB1BAEC1789DC2558CD5D0D5EA56B7B15DD2BDC1EE79000206776F5278FC0536D379CA6434912E71DD237A6CD332AD668D48F558CEC6531ABDBEA1446C0A6CA85D9A9B246502DAC975CC937F4D14EED4C0B690A8CCB4E5A0DDA1A46936215FA18BFACE97FD41E5754FD62CDC1E7C18FF00C947725DF2F7CF01EEB66CDC0CDBC3C948B5018CC6B2A537659B1120885B2732B5236B52EF6551FF00A13F25A452D6A797B95DCB985E4FD2187763489ACF73A9827F818D370DEF3BFC02CD5D3AC2222CAB8BFE9079DA70EE37A6439AD126CF125C634B822FDCB9551C5B853CAD8920082BAAFE900F736A61499C995E013319C9169D26172CA7B469B7375EC440B0B9998EED372D445BE9EBBB244756CD80E3F25E7A1AE731977179005AF1264DAE5647EB46014AEEEAEBDD79EA95E06D464BCE5710ED3B56BCDF8A5FE51E19862299BEA667301A5B74AA56D9394B43A24C47589D44EE8476D09A618293A6FD68379DDE1F9AAD7DA0E739A4517DA376B08A0D96D0F0C966A7AC012206F127457B0F8269A81936D6CD6FE4AD1DA15BA4E945120C923402499B7E4A94F17880FE985383782488E2613A197470E3A50CEB1104901C44FA254A0DE998D8B1924124E80EB75880E267A50C68041009D0C6B094E9629D154651A80646ED6DE6833B6FE1D8D734369B5A1CED041B4C113BF7A9614D800810778803D0EF5AD330989AC3397B61AE026C3AD12341DDF05EA8D3C439CE6F4F1975B7FB2BB4D3622E5AF6C87FF883E7FEA5EDDB32B1D7107D0FE6B070F8325E69879936CD1C0CA1A6CDCA4C434D02035ADD24824926471F056361E332D1A7D8B03DA038EF5118DD899185E6A38C777FBAF5B3793E2A303F33CCCD809E29DECEB455AE0E303B308E3BBB1F9A9ADA5B559D1B874ADD0E5667CD06370256B75366B0576D2974122F6E12A6B15C96A6CA65E662F043DA64C1D235D13B3A43EC9AE1A439C6067B9F161537576D50CA40733FCA2FA1B4A81D9F49AF861162F137FE93BD4E56D878601B009EA826E441336B1BEE49B2A0F62635949EE2F240200E3A291C76DCA4E639A0B8970205B8AC0D8785A752AE578116E36B813AA9FDB7B170F49D55AC6821A0C38CCF667DD3BD1F6D6F63ED06D22FCC0998D3BA7F359F88E5030B5CD0D749045E37F9AB1C9CA2C7D421ED040CBBB404DD6C5B6367E1DAE78A4D6B991D530385EF17BA4DE8FB6A1B2B68742E26264429177298EEA7EA559E4F4173E40300448056CF8AC206061FAB39DB98658317220FA2925D2D6A1867E62F3C40F75F4673147F660FEED5F70BE75A67ACFF000F9AFA1F9873FB37FEF54F928AE8C888A0E37CFCD405F419527A3E8EA39848765E973002E2D9B2CEBB8AE5586AD4E69F55821E24DBAC246BB8011F15D539FCA81CEC351A8F7369C3EA406660EA80E512771CA5DEAB97EC8C2512C797536970232C81111791E8BD1E2F15E4E498C73E4CA638EEB3B6B62E9CB80C801B88FE033303D9463B1AD2DA63AA22018DF7265CA6860B0F984D16E522F6133977774A88DA3469090293411BE044470DE657BBCFF1AE3BE5BFE3870724BF8C1BB41BD217666DC3B8475B580BC61F1ED02A0CCDEB11AF01C152A61E8CD3CB4C5C0CF205DD7CD97808855FA3513548E8C065CE80989B495F31E95BA78C6F4594B86A4C6F9BC2F4EDA03A16B338B036EF3AAAE170D4897875306043600B388B13C42A61B0B49C1F2C6C830D81EB2A2BD1DA2DE85ACE9058186F02409F61E8BD61768526D268CDD6133F20BCE030D45C2A1753122CC816991AF94A6CFC2D273AA66A60C59A045B5B99445DD8BB528B2916543FC61C40E003A7CEE3E2B1F66E2DA6ABEFDA8CBDF12AB84C2537572D34DB01B311BECAB89A0D655A61AC6B64CE91BACAF6259CEEE034E3B87CF550587AE195CBDDA093C7531F35312A1F0C26B1074EB4FF00E4AD199B676D0AAC23A4738EE041B4904F8689B236D8A5483454734C43809BEBC3C57AA380639CD68634971007546A56D14F90749F5CE1E9D7A4EAC1B9B2742F020113D788060E8A76343AB8C6FD2054BE5047E18D14CE33948D7D3733358C98C805C8DE7553BB6B90FF0046A66A38D377D6F44C0183EB3AB25C385E441BD947728393E30B50527746E7656B9C1ACEC9709CA646A0276356D9B5C30E73A0783FFA953F89E5631E08205FECD3034E0772C2AD4DA4B5A5A2336916D0EE5218BD9F8701991A0CB417CB621F2640EE8849B1AD6CBC6369BCB9D37116E32A5F69F2899573B8E6CCF0777111AA8CD9149AEAA438022348EF0B61DB3B370CC2FE8835CDCB21D0358E2A77A5FB6BBB0F69740F2F0483162377FC9537B4B965D2B0B5C2C77068116E3AA87D834D8EA845400B7AB369804DC81E0A776AE070AD7BC516B5CC03AAE2070BDE38A4DE8FB6B3B331829B8937911652276EB781583B21AD2F399A088D08535F46A76FAA65EE3AA12150745E0B9C470F9AFA239843FB35DFDEA9ECD5F3C443DC3B8FBAFA139813FB39FF00DE7FE16A8AE98888A0E41CFF003B30C35273A19F59500DE5EDCAD17F07B971CA34180892E6876A4136B9D02ECDFA40BB352C2D3CC1A0BEA3E7432D64013FE636F05C669ECE2E63EA35E4369E5CD2E1273181941D56A5D7C255720CA4E77C82065CC6E22E67C63D555D820E735A6ABBAD1D626C2D2678C68AC3B0CF003B31CAE98B0BC59798A93DA698D242D5CF2BD5A9EB17E8600B838F4AE1920C1224C9021B6D6E9F427747D2F4A6092DDD361371C15A61AA26CD33DE50BAA06E5E8FCC15956456C055A6D6BCD5B541984419B96DEF6320AB7530D569FF003075A0E9AE6D178AD8871001A4E1A7C13118E69CBD5736082646B1AA0F756857A42EF6898769AE6120F9AA1657A6099609B99EFDEA98BC7D37010778266CAEED1C653730863A74B7BA743C52662413503449B13E3703C6DF02AD626AD7CED73DA244068E3B800A528D7610017FA41B816F8DBCD61E35C0D4A77D1CDFC4107AFA5E23FE82C7C139DD2CB816983AF7B877AD88BDB9408EB4DCF778FA7A2D718FFAE3E7F882A898C2635F4DC1F4DD95C34708312376AA4E972AF1D399B56A9BDDCD60B9116272DD41032B61D80E1D15FF00AE375F3597AFC4E09CD9FADBA72E5E4F4C76B583E5562E8B431B51ED6E67119983B4F25CE325BA92495818DC63EABDD52A3B33DC49738C5CDD79E52BCE66DF7B3DD5969B7FCEFEF4F2F8270E7EB2ECE2CEE78ED8B8DAE190ED61DF984ADCA3CF19B3BA0409330008017AAC7ACDFBDF9A91C4510037A91D519A46F24E96D20B7D5791D76D5F018B0C797192088B78A90ABB6585A44192081E6B1767006A190088DFE2A6F6A612935EF0C682D1A1207D9BDE06F9DCA4DE95AFECCC58A6E71337888EE52989DBCD78B92486E51D502DBB451FB258D73CE6008EAF0B49BF7296DA180A2D7BDAC0D734765DC6DDC62DA792BDE8416031018F24E910A499B4E9F13E8A330AC6971912B3461299FE1F89520C70F05F23783EEBE82FD1FCFF0080ABFDE77E16AF9F1AC0D7DB87CD7D01FA3F1FF05587FF00B1FC0D5957524444105CB0E4CD2C7E1DD46A0875CD3A9BE9BE2CE1F31BD7CE1B6393589C33DECAB4AA0CA48CE69BB2BBBDAF8823CD7D58A85A83E3ECA6201695583C0F91057D59B4393984AE0F4B86A2F9DE58D9F274485C7F943CD2629955E70B96A5292580B835C01FE133631A4CDD07340F1DE3C8AB8DACDFB43D614D63B9258EA3FBCC2561DE1A5C3D5B2143D4A641873483C088F7547A0E55C1B9A6A3FA4CC4440CB120C18D772B068B78041440B8247994DA69EB12D6F4A0012DBEA05E349595B7365D1A4D6963E9D42EA6D79CBFC0E76AC75F50B0DD4CC8398C8D3455AA1CE041220F742BB17F03C9F655A352A803EADAD73AE64E63168E0A31B8161796DC0038ACEA751CD1100E9BE263B959A721EE765371DD641476CA8FE3A8D9D2644F87156309869ACD6071BDB31DD7175227173DA2EB584E631E1C341E81626CF20621AE26D333C2EB7C725CF197F6CE56EAE931536216827A6B0E2D0AD6CCA389C9F575199733A011DEA636862DAF63A0B4988B00387056F93E40A467FAE3C735BC17E930F1F870CA5C3AFEABE7DE4CEE37D909B530F882E01F90B89680018DF6577E815C7F2C1F0703F2597B43FF00914FC5BF3532F2DCA7B59BCA223D656793C2E3E5CADCB6B39B2C64D346C656735D76DDA45B5D6782F6EDBF5088707116B171DDA5BC87A2B4F3F59E9FEA52559ECC8CCB39EF9F5BDEDDDE8BE0736130E4CB19F4F7637725A80C26232389209044292C56DA0F2F241CCE9D0002488D068AE78807C978AD49B04E56E87705C5B60EC9C6F44F2F060EE300F1DC6DBD4BE379402A3729CA06E01806EE3AA87C0B412ECC01D166D4C2538EC8369B13631A1EF09BA30766540DA8096E6020969DE381531571548B486D0CAEFB5D238F8F57450984ED15980A4165DDBF2F9ADFF99FE523F0B8E651B9A5882DA6F6F077F03C781307B8F72E7E7B7E4B65E6FC7ED2C1FF00798A2BEAB554450111101111016263365D0AA22A51A6FF00BCC6BBDC2CB441A963F9B7D9B57FFACD61E34C967C0596BB8FE66B0CEFDCE22AB3B9C1AF1F22BA71441C431BCCDE29BFBBAF4AA7710E61F985AFE379BADA54F5C2970E34DCC7FC01CDF05F48220F94319B2EBD2FDED0AACFBCC737E2442F1B3B67D4C455650A23354A8E0D68E13A927700249EE0BEB121623364D01505514290A80101E18D0E00EA3344A0E098CE6BB69B34A2CA9F72A33FD45AA1319C92C753EDE0EB8F0617FE195F51220F90EB618B0C3985A7839A5BEEBC30476491E0485F5DD6A2D788735AE1C0807DD42E33919B3EA5DF82A04F10C6B4FAB60AD4CACF8A9A8F981CF748399D20C83E0AF7EB0ABF6FD47FBAEFD8CE6A366BF4A5529FDCA8E1E80C850F89E6530A7B189C437B9DD1BBD9A174C7C8E59F19566F1E37E63863A9F5B3489B5A206FFCD5D7621E5B94C9683204E9E0BAB62B993ABFCBC630F73E9B9BF104A88C5F341B45BD9341FE0F23DC2E796772BBAD6A39DF49FD2552A5604117B8E056DB89E6F369B35C1BCFDD731DECE50F8CD838AA5FBCC3566C71A6EF785366901B3C86B8E61BC58E840DCA4B1D88A6FBB29866B2038999F6F2569ED8D6DDC6CBC3A8B4EE09B348FC2B6EE59202B9F466EE11E0A8687F51F5418E7B7E4B6AE6E5BFB5307FDD1EC56BADA1792492B72E6B36456A9B430D55949EEA54EA667D403AAD195C2E74D7822BE9644450551110111101111050A214415444404444044441455545541408502140444404444162B60E9BFB74D8EFBCD07DD4462B917B3EA76F0744F83037DA14F05541A1E3F9A6D9D53B2CA948FF0043CFB3A42D731DCC937F938C70EEA8C07E2D8F65D791073FE4E734D82A10EAD38878FB76683DCC1AF9CADF68D26B006B5A1AD1A00200F00BD8441444441E91110111101111050A214415444404444044441455545541408502202222022220055540AA82888880110220A22220F4888808888088880888808888088880888808888088880888808888088880888808888088880888808888088880888808888088880888808888088880888808888088880888808888088880888808888088880888808888088880888808888088880888808888088880888808888088883FFFD9,'Teclado DHL',1,100.90,3,10)
insert into  Produto (id,imagem,descricao,id_categoria,preco,id_marca,qtd_estoque) values (5,0xFFD8FFE000104A46494600010100000100010000FFDB008400090607080706090807080A0A090B0D160F0D0C0C0D1B14151016201D2222201D1F1F2428342C242631271F1F2D3D2D3135373A3A3A232B3F443F384334393A37010A0A0A0D0C0D1A0F0F1A37251F253737373737373737373737373737373737373737373737373737373737373737373737373737373737373737373737373737FFC000110800D200D203012200021101031101FFC4001C0001000202030100000000000000000000000405010602030708FFC4004210000103030204040304080307050000000100020304051112210613314151617181142232074291A11523335272B1C1D153628224344354E1F0F108166392D2FFC4001801010101010100000000000000000000000001020304FFC40020110101000203000203010000000000000000010211032131123213225104FFDA000C03010002110311003F00F71444404444044440458594044440444404444044440444404444044440444404444044440444404444044440444404444044440444404444044440444404444044440444404444044440444404444044440444404458240419458C85D1535B4B4AC2FA9A98A168EF23C04121632B4EBA7DA7F07DB7692F114EFE9A698194E7FD395A850FDB31B95F9D4F4B411C76F072D32EA32C8D077EF869F01BA0F60CA6579CD67DAB52368669A86D35D512B1DA5916580B8E7BEE48FC0AAE9BED1F886E1140DB15A298CCF765ED7B9CF2D6004B863E5F9860F54D0F57D43C50382F12A8E2FE2DBA53BAE14975862A1A684493B2089AD73DA4E3502413B77C10A1D4D4DEA58BF4ACF7CADA88259B932339AE6FC39737E43F29034BB71D06E078A687BC8703D1657CFDF679C5159C357896DF5D3CB3400E4B5C73AA33D1C3FCC3F35EF94F3473C4D962735CC78D4D734E4107A141DA88880888808888088880888808B195C6495B130BE4735AD6EEE2E380107358240EAB5FA8E35E1EA7944725CA124F761D407A90BCD38BFED2A9F8A29A6B3D866A8A3697625A83F2BA46770D1D467D8ABA1ECB15653CB23E38E789F23065ED6BC12DF50A9AEBC69C35692457DEE8637B7AC6260F7FFF0056E4AF9C2A658692A7F47CD4CE6DB2560634BA4D641F1CE36C9EDD9525CEDCFB7546918313FF0066F0367052C1EF974FB6CE19A42E6D147575AE0320B63D0D3B789FECA8789FED67896DF4D4D33387A2A0A7AC8F994F3CEFE6070F6DBD8AF158DDCB91AF6B1AED2E074BBA1F23E4BDFE96EFC3B75E0F7DF78820A6740E8436384004D339BB69603D1D9EFF00D141E6B3F1CF1EF10978A7ACAAE590439B4910637A67AFA11DD55BEC179B84C4DD2A64CB305FCF91D239A1DF4B88276693F2EACE013BE06EAC1DC630D2D5C95147155484CEE9236CAF1866461CD1D4963B4B4E9FBB8DBA6F1A6BEF10DD1C7E12110465DAC0634E907BFD5B0CF7C019070765456710D8A6B2CB180F74F4D337314DCBD1DC82D23B3863A75F70557524EEA5A98EA1870F6B81F55792DB2B67265BC5D067B992532387E2573A6B75B1A71153D4D6BBC4FCAC4D0D8A86AFE1EA69ABE99E5AD9B49D43EEC83E93FD3F0539D50EB471245514A7453D7B8D4D2E4FD130239B11FC73E61C3C554450565446217B2282986DCA8C6F8F55711D2BEE36A7DB27943269344B4F2E7F6750D074BBD0EED3EBE4B4896266D9388193D3C7AADD5AD74D0C677696BB69613E849C7911E0B340C82D173A8B4D4BDF2DAEAA10E85E7AC94B27D07F8987E5F1CB7CD44B7BCDEECEFA17622AE8DE64A6E61C72AA59B3987F8B76A32A63BA70EC2F04B2AA91C67A5D5DC1389613EBD47F99A82A7896DF5748F74ACDEE36B932481FB68F19C8F105B83F8AF4AFB2EE2B8AAA0868A690F26519A62E3F49EEC5A9D64CDACA7A194348AB81BC97B8FF00C58772DCF9B4FF00354B414F0596598C554190B9E1F1479DE2777C283E920739595A5708F1F5B6E90C1495751CBAEFA0EB690D79F107A6EB74072A2B28888088880B89247A775E5FC7DF69C6CF5D25B6CB0B659A2772E7AA937644F3F740EE7F25E7FC59C6FC5175B6D2D34357247CB279AEA776874D93B1763B0E985743E8796E3490BDF1CB53035ED69716990021BE24782D36BFED5F87A27BE3B719AE0F61C1742D0D603EA77F70085E1B6FABF8A63D9261B50369078F9FBA84294DB6AE3920948648EC1CF4F269F7EEAE91EA3C4BF6AB77AABAD3DBB86681CD333011A9A1D2C8EEE1BDB65AB5DEFF0078BCDBA5826B9554B1CAE0E31BDE402E1F748EDE61560265D2F89CF82A6276A63DA70F89E3B83D8FF3571527F4ED3D45DE08832EF4ED06EB491EC261D3E2631E63EA1EE83B6E7C3EDB658E82F16CA93576A9DA1933F4E3E1A5EE08ECDCEDE47D56A17AA39699FF001B440B4B1D9900EC7C7FEFD56E9C2FC42CB3493475910ADB3D6B0B6B29B190E69DB581E23BF88F35D7C4761FD035913619BE26D558DD743524E75B3AE827BB80FC40F541414F353DFEDA5B2603FEF8EEC7788F250A9DE3E7B35E0F41FA994FE58512B619AC5701594C334EF3F337FA157FC9A2BC52B24731AF6119073BB4F820A0758C46F3F1171A68E3076232E71F652194F6E6B04624ADAD1AB508D990D07C7015D416AA3871A606EDFBDBFF00352D91B1830D681E89A36A7A68E567FB95AE0A73D9D2919535B455938C55563837F7631A54F04AE5A82B208F4D6CA488EAE5073FF79E751FCD4D6B18DE8D0BAF983C1398E3D063F89544818C74D91D3358E0E2F0DC7895174BDD9D6F3E8175CB3D2D26F2491B7C7272541DE266096696181F24B33B5BDE36D4EF1CFB2C0358ED9A62833DBEAFFA2A9A9E26A566790C7CC479602E8A6E20AC7D6C7CCA4021775631A4BB1E29B55D9A3D7FB7A995FF00EAD23F00BA669ED1438E649034F80DC9C7FD955F53679EA6A6696AAE20521CB980C84923F842E8A9A7A26D053D3D13E591CD7BB4999A1B969C65A07AE3AACECD2EA86EF45553F261D6D79FA0B99A43BBE17A9FD9FF00123A53FA26BE52E97734F238E7578B4FF45E20DA4E4D537530C7A1BA83B39040DCFB85B5F0E192E957474F1CEC82A1D2B47389C06F70E09B57D023A2CAEB8039B131AF76B70182EC6327C57628088883E5DE32B54F61E28B9D156EA7433CEF95AE76FAD8F717077AEF8F50556D14AE6974121C4911D8FEF03D0AF79FB56E131C436375453B335F48D2E8F1D5EDEA5BF92F9EF548630FC7FB441B818FA8770B5118AE824A6A81574E718EBEBE0AC69E786E54BD3AECF66776B923732A220762C70D87F35552096D757CD8866377D58EE3FBAA8B6A4E7191B4A46AA8637F52738F8860FB9FC63B78EE14CA6A8A8A5AA82E16E9395554E498DD8D8F8B1C3BB4F87F250F10D7530731C71B39AF0705AEED83E2BB9B5465F9EA5CD656B086D447D04F9D84ACF3DC070FF56DBA8AB6B9434F2D18BE5B63E4D149269ACA4CEF413F707FF8DDD41EDFCAD786EE94D252BF87AFF975A6A8FEAE5CE1D4937678F2CF5F03EEA8AD356FB6578AA89AC9237B4C5554D26ECA884F56387E60F62BA5AD8E3CC6C2E31873847AB73A3274E7CF184D09379B44F6FACA8B3DCD8D7B9847CEDDDB230FD2F1EBF92A6B3DBAB6DD5EF8C10FA470FAB3FD3C55DCD515155CAE7C8E9045188985DF75A3A0F440D68C173B27C951CC3972DCF41B2E024C0F91BB0516A6E50419E64AD047DD1B94DA2763CD32319C642D76A38809D429A03B7DE7FF006509D3D756B0B9F39D076C674807C14B55B2D45CA929BF69334BBF75BB9FC155D471212E2DA580EDDDFBFE5FF55590D135AC7C9331D8611AB07C56DD6AE1EA78ADCDAA8E374C1ED0E0FA9788621BEE093BFF00E14DAE9AB8A8BADC756991C47402318F6C2931F0CD4361135C266D1EB380673B93D766F53E8AFAA6F965B7D372454EA907D51DADBA5B91DB987755ACBFDEAE5A23E1FB4989A75064AC8B9B2BCB4127E776C5D8DF6C959B96BD227C7C3D494904724F4E668BEFD454CA29A26F9E3773BD365D82A1B31905A2E544EA585BFAF640CE586F9EFBB9BFE6CE1543EC267B5D45EB892E950F7340E5B58D3238939C649FA46A182303055A5D6C313AD34174E0F806A60E666983A579696B4BC4AF3F28209C69EFEEB9DE6C77A6BE28D14666A09296A9A4CB08CB4B4E096788F25DDF0BAA68A26C91CE1A0731916CE19DC386DE042EAA0B8C572B6B2AE12D8AAA8726681B9C3D8EEEC1EDD3C76EE1583E6A69256B5D000FE561950C76CE1D87A6175655E4B23F8B7B5FF0AFD58D2F1AF0EEC41C77DC7BAC09DF4D2539643A08CE4B5E7049EC06361E07C545A999D0C3F0FAC171760B1FBB881DB3E45439EA5B15438E0C6437193BEA083E85FB3EE2865F2DAD8267E6AE168DF3FB467677AF62B6F5F31F03DDEBADF701554DAF96C3A849D1A4F81F5DFF0005F45D92EB0DE2DF156531C35E3E669EAD77705058A2C0E8110303C02F9FFED7F859D60BDB6F1411114554ECB9AD1B35FDC79788F75F40AA9E24B35371059AA2DB55F44CDF95E3AB1C3E970F305588F96E17B609763FA89B7007DD7297344D9E3D12372D3D146BB50CD64B855DAAE6DE5BE07919FEDEBB11E4573A09FE2A3D2D959A9A064F8AD0E76FA4144D7B44DA9AE390318C2960EAC00CCE3A792E2D6B1A7E6F98AED2E3A7620041C831C4E5CE03F35D8DD0D1F2B70ABA6B953C1F2EAE6387DD62EAA7B8BAA276F35A63A6E8F74646A6F9A9B16B2CEC8DBAA49031A3B93850FF004E52F34346BD3D0BC8D97547C35719EA353B1351919156E91AD8DC3B1C93F92951DAACB1CA19535AEA899B91A2998433DDC7FA29B348D79655CAF8CD33DEEA778C698FB9F6DD622E1897E1F9B5B2328D84644950ED207B7752D957153D41928469A3663A389301FDE24EFA4F8F653292591979A79A76B2788BF0D2E6EA233E39EA955DB47C3D0454E1D0534F717076EF27910E31DDC7723D30A2DC19C3345196D4D5B9D338EA752D11E76823B079DBF154BC5D51733727C55B5D3D453BC6BA73F4B1D1FF0008D8107208F1055859F86A9AA192D5D1BBF48C1F0AE7C381A4C350C1AF972B3C1CD6B867A1C8EEB9E59CC66EAC9B716F14D498CD3F0EDA9B008C13CD91BF1336075392348C7A2E50596B2F34EFBAF135EDF0D1B638E5E63C3A62E63CE1BA5A3CF6C6D82B79A890D4414B74E1695B25342F2F618C474D490340C3D9239DF3138FE60AD6EE7C696D899554D15245521DFAC8648C62370711CC8A41D082339236C80EEABCD39B3CE751AD255B783E8A0B55436AA9A28EE00BB135617C92728FD0F8E167DEEDBE70A5DE388E1A2A7A46D7C75D1D56A6473F3650D346F6B353248A168C69760E4E7246A6E0642D6CDDF882FF002537FEDEB78A0829039B1CB01D218D38D41D2BB6F0D922E18A38A2370BCDCDD7194903974B2E727C0C8EEBD0F4567F9EE5779D3E5FC72ACE38A8A995F4F45410D56A70730490EB3BECF639BFF1233818CE08DB3B85C6AA82FF007493E2388AE31DB209881C976180E9FA43626633807A95DF25E22A2863A7B551476D8DE37922FAB3D305C7754955722FAA2E33BEA0EC1C1C0E41031B7E195DF1E2C71F233B5AD20B3D9E579B6D3C95B3E8731D53512E90091DA36E063D4951A9E67D6DB26A66662920F998C63BA37B0F6E8A2416FAFADD5248D6D3B1DD4BFBFB2B9B75B60A125EC7BA490B705EE2BAA5AAB6C75777A789CD843668C8639EF6E90F69FBD9F118DC7A79A9D4960A684F32ADC6A24CE749D9A0FA77522B2EF4B460B6479748D1B471FCC7DF1D175C115D6E92399047F08D6EF9734E5C3D7A2A96A5CB511405B197B5A5DF4B0755E8BF65D2BA99F2F36A8323A900320DBEB1FD70B52E1EE08327EBA46191C77E6CA703F1FBDECB6C9387591B19151C8F92E2C21ECE58DDBE7B74F572E5792790D57A703B22AD80DDB931F31B4BAF48D5B9EB845AD8B3444555F3FF00FEA1A89EEE22B64D142313D3B9A5C07D45A7B9F2CAF3BA081B6FA86979D4246E9CF83BC17ADFDB943726DC68269487DB3416C5A5B8D127704F98C63D0AF256BBE2E079700C6EAD2327727C405622EC11B01D02C4F173E07C59C6A1DD43B7D43A569649FB566CEF3F353815A152E84C2EE572BE4237F1F6521D053B1BCA748ECCA039BB6C3C32AC62609266B5F1EB0EC8D3DD70A66B6BA4645244D84E30C23A63CD60718A92A22A57C71BB49D9D18CE7BEFA42EDA7CC74EEA89A0324F13874F943B3E3B2E6E820AE959F07239D342DD2411A49C776E7DFF00052EBA5ABA7E41648D2CE586C91E016B9DDC3BCD15D5470D23186ADF318622796F663241703B7A79F92E9862A8B53A274875D292393383900F87A782EFABAAA78FFD93E18B6295AC90BF5125AEDFF21921779A5B7C96F31D5C9255361973C88CE8692E1B024F8F97F3418AC3475B6B9DB77A6748F649ADB24186B817100B87607F7874381D16BF0C177E1BB84370B14D248C71D2C9E16970907EEBD9FCC153A96A9F4154D86A1BFAB7B8F2B59D581FB8FF003F0F153E4BBD2D048228D9574425C174D48FCE3C7E5778052C97AABB52D27075C4D3EBBACCDB752876AD331D4EF660EEAFE8AC967A0A46D4C74DCD7EE454DCC698C11DF97919506B388A2A63A2DAD02566733CEE3249EC4EDF82A79EAAE37798658F9C1DF51380D3EA55D26DB45CEFD1C54A229263717B73F21688A100F4C3001B782A0B8DEAAAE5A6920639B1B70E6C708D2C07C3031DFC5661B2B0B83EB65D6E1F758703DCAB36362A68B0C6B22637B80005536AB82D35552F32D6CE6369032DCE4FFD15AD2D152D1EF144D0F1F548EDDDF8A86FBB095E63B740FAC90778C7C83D4A954767A8B831B35D6AF4C6EDC430BB0DF73DD3A89B70A9BA40C7F2A20E9A6240C30F73D375C69A86EB77739933CD245B83A063CBAADD2D3C284C4D0CA78E08010732B739F6EBEEB68A4B7D0D14E238A292B2ADC36635A1CE1EDD1A3CCE3D572CB9A4EA3530CAF75A770E70588F0F6C61A1C30E7483E53D8E33E8B70A1B5515139B0C719AA9C748DADCE3D86C3DD5FD258AAEA487DC2630447FE040ECBB1FE67FFF009FC55ED1D153D1B345342D8DBFE51D7D7C56359E7EF4D4F8E3E29E9ED1555243AB5FF0F1FF008509F98FABBB7B7E2AE696920A587974D13626673868C64F89F12A40E8B2BA6384C7C4B6D6022CA2DA0888829F89AC70710D96A2DD54DC091BF23BBB1DD885F2EDCAD32DA2E9534B541CCA881E58F6B8ED9EE7DC617D727A2D3B8AFECE6CDC51736DC2B5F510CBCAE5C9F0EE0D127813B672371FF8547CCEF967136AA5FA80D2E76321429EA2A9D2FEB657B883B6FB02BE98BA7D97D863B04D4B67A0645563E764CF7973E423EE971DF07F25E037EB2BE96F35D6F923962ABA57E248E470DF6CED8EDE1EAA6FB13AD95A6781AF1F2CACC0700AC7E25B4D19A83009276BF1B1C35D9EE478AD4ED755CA76900E475F45B13642E84B5A41D433BF42AFA8ED865A78DC2B75F29A1FF3340C9CF805D746D10541969DC1D1B9C753B6DC79F9A8553551333072C963C07123A82A3D4C91881D1194E5D8381DD455836A6574BA2B1C65DCE9C8DDBE84765C68AE717C5192A23D31B99A2660FBCDF2F31D4798558C96AA5608A99AE7107638E83D54A8AD72386AAB90373F719B93EBE0AE875DDA31056CAD0ED6D971231EDFBED70D9C3FEF62A75231F574061AE63B2090D71EB8EC5498991C11431B1834440B59AFE62D04E4EE7B6562A2A62846AA895ADF23BE7F04D26DD34F6BA58DDCC903A693FCDD3F0535F2B218BE77358C1DCEC07A2AB75C6A2A0B5B454EE6871C6B233F92BBB770BC72E99AB6492AE676FA5DF48F64DC896ABD955535B916CA732E362F7FCAD0A55370F493B9B2DD6A5D31ED0C67E51FDD6E94BC193BE099D1C6CA62F610D1D1CEDB61E5EEA3F00BABA9EAEA6DF516E9AA6660D2C91B1E5C31D893B0CEFD71B8F3DB8DE69DC9DD6A616FBD3BAD1C372680C6C6DA584F53A70EC2D9A828A8A9246C54F01AAABEE1ADD4E1FD1A3D55DD270FD555624B9CDC867FCBD3BFE63FC527F46E3D4AD828E8A9E8A21152431C4C1F75A319F33E256263C99FDBA74FD31FAA8A9AC555547557CDC867F8103B7F777F657B45434F43172A921644CF068EBEA7A9F75240DD6575C3098F8C5CADF580B288B6822220222202222022220C15E51F6CD6184D4D0DF9B4F89180C13CAD3D8FD1A8791C8CF985EB0A25D2869EE5413D1D6461F0CCC2C783E054A966E3E3CB8472D255BB3805AECEDFCD58DAEA9AFC47D01DC0F0F257FC7FC333D8AB20A3AF8DFF00AC2E6D3D4E46991A0ED9F35A500FA0AB2C713F2BB74C6B1371B05552999ED735E1831BEDBACC3434CD76646990F8B8EDF82CD34CD9E112B0E415C2A2B22873D6478FBAC195B6D39AFC0D2D1A40EC06147AAAE8298665702E3D1ADDCA8B14571B8643408860E199DDDEFD95E5A386A22D732688C93BCE5BA492E52DD7A9B530A8ADAA7F2E9E27441C321E46491D3215BDBF854FC491504D4F34634E4971DB7C05BCD9784A47358EAB772580EF18C17E7FA7FE56C94D150DBDDF0D414EF96A0F58A06EA7BBD4F6FC47F25E7CF9E798F6DCE3CAFBD35DB27083A28DBCF02161DDCDC07389FE416C94B0D1504BF0B6FA77CF5607D110D527FA8F468F556D4962ADAB19B94FF0F0E7FDDA99FF0033BF8A4EBECDC76193857F47454F4508829208E1887DD63703D7D56671E79FD9ADE38F8A2A6B15555E1D7098431FF814E773FC4FFED857D49470D1C222A78991B0766FF5F15200DD6576C70C71F19B95BEB880B2B28B682222022220222202222022220222202C1595828352FB4DE1F8F88384AB20303E5A885BCE8397F58737C3DB3B775F385DA8DF552C324387B1CC0D63B19CFAAFAEC85E31C75C346C77EF8BA5688EDF5EF2E386ED0C877760781DCA97A63925BDC796C16C2E2E8E08AA18D6BB4383CE37C1393DB1B63DC2BFB3D874CCCD239B3307D1130927DBFAABDAFB6CF62BC53C1727B6B2DB3B04AC9A9CE92E8C9C38793BA2DFA84D2C4D6C369804CE900706D30DCF8171EDEE571E4E5B8F526DBE3C7E73BE9AFDBF845C5CE96B8B616B80CB23DDDB8EE7A78F4CFAEE15FD343474327C1DBE99D2D401BC508D4F68F171CE1A3CC90AEA92C151525AFB94C2167F814CE209FE293AFB0C7AECAFA8A86968606C145047042DDC3236E067C563F1679F79D74DE18F58A869AC1575603AE330863FF97A73D7F89FF86C31D15F515053514222A5859133C1A3AFAF8A9007AAE4BBE18638F8C5CADF5C70B2B28B68222202222022220222202222022220222202222022220C11955F7EB5C378B64D453E31237E5711BB5DD88F7562B04654A3CFACFF00674CC46EBDD51A8D1F4C11121BEEEEBEC30B79A2A1A5A281B0D1C0C8626F46C6DC05200C2CA489249E31A4261651551111011110111101111011110111101111011110111101111011110111101111011110111101111011110111101111011110111101111011110111101111011110111101111011110111101111011110111101111011110111107FFFD9,'Memória DDR4',1,80.90,4,10)
insert into  Produto (id,imagem,descricao,id_categoria,preco,id_marca,qtd_estoque) values (6,0xFFD8FFE000104A46494600010100000100010000FFDB008400090607080706090807080A0A090B0D160F0D0C0C0D1B14151016201D2222201D1F1F2428342C242631271F1F2D3D2D3135373A3A3A232B3F443F384334393A37010A0A0A0D0C0D1A0F0F1A37251F253737373737373737373737373737373737373737373737373737373737373737373737373737373737373737373737373737FFC000110800D200D203011100021101031101FFC4001C0001000105010100000000000000000000000503040607080201FFC4004C1000010303020205050A080D05000000000100020304051112210631071341516122327181911416426272A1B1C1D1F01536435263B2B3D2232425263344457582929394A234357374E1FFC4001A010100020301000000000000000000000000020301040506FFC4003411010001020403080101080301000000000001021103042131124151051361718191A1F0B1C11415223252D1E1F1234282A2FFDA000C03010002110311003F00DE28080808080808080808357F491C5D75A6BC36CB66A875208E36C9513B5AD2F7139C346790C0DCF3DF6E4506055770BC3B2F96FD797BBC2BA568F6072083AABC5DA3E578BB7FBF9BF7905AB2F57973B6BCDD3FDF4BFBC82F22BC5FB1E4710DE5BE0DAF9BF790669D1EF1FDF29F8868AD779AF7DC28EB2410874C0759138E7490E032413B60FCDDA1BCD0101010101010101010101010101010101010101068FE3C6EBE90ABDBFA38BF55044DCA89AC8F5179F604185DC8E87BB1BA0B5A625CFE4859394D00733679F620AF601A78D2C6C1DB5F11FF009841D4280808080808080808080808080808080808080808347F1D3F4F485707069388E2E47E2854D789C32E8E5321198A6F355BEFEA8DAD9CCD0E97300F5E7B157FB44F474A3B169E554FB7DDE35639556C8E6792E91C3FC2B1DFD5D16FEE3C2FEB9F6E5C9462B4B22FCA3F38FCDED4FDA27A23FB8E89FF00B4DE7C39A46183434E1F9091989E88D5D8B871B573EDEDEEFB6784378C6C6F0E3B57C3FAE159463714D9A39AECDA70289AE2BBDBC1D32AF7244040404040404040404040404040404040404041A2F8F403C7D71DBE0C5D9F142D4C7DDE8BB226D85BDB5FBF3AA3651867323D4151676A26394FCCFA7B4688E948CF9A3D679AC5965E3A7CCFB7A3C6D9E6D3BF79F6ACD8BC75F99F7FD1599CB6C25A1899D797BCFA7B6EF96AFC68B273FF00B8C1FB40ADC2DDCAED09FF00826DF9F0FEDA3A556EBCA8808080808080808080808080808080808080808345F1E81EFF00EE39FCD8BB3E285AB8DBBD0F654C7753F7CFE117261AC2EC0FF29FBF2545BA3B5137DFC79C7DDF547BC9D7B38F865D8C2868BE666FBEBE7CF9CFAA98C6DCFD6FEC442662DE1E7CBA7BABB33A4E5DB292354CEB79D7CE3D7DE1EAD791C5364FFDF83F683EBCAB70E35733B46F38157CEDF77BBA4D6EBCA880808080808080808080808080808080808080834571F11EFF00AE583F062CEE7F316A63DAFABD0F64F1775A75E88A90EDCF7F947EFCD5136766989D2223E23A69F0B0937DB72DC6FCB9244EAB3F1E51B7278C3B625A757A073ED58D3EF44AF5FADFC37E7F0AB19DB6CF82979ABE51C37F0D23D3E5F6D5F8D164FEF183F5DAACC2B5DCCCFC7FC13F1A474FED674B2DD796101010101010101010101010101010101010101068AE3F1FCFEB8F3F362EDC7C00B571B777BB2E2270E6FF0089FBA6E8A97CCE7E1E767EFDEA9BF4FCBB111136D2DE9F769D11F263B3D5E47351F3DBCD7DA6397A5B9F38DF92981ECEC3A71B77A7DDD89A62D6E5E5CB94FBABB7560E76F5247DD50AA35FF1EFCF93EDA47F3A6C7B7F6841D9FA40AEC3DFFCB999F88EE6AB447B4E9F7674B2DC799101010101010101010101010101010101010101068AE3F07DFF005C799F262F823F342D5C6DDDFECB98EEE6FF00998FC75D9132EAD1E56AD3DDB0FBF72A75FB6762387C3DE7DBD77474BE1A478EFB78FD4B0B34DEF1F3EFEBB3CE3E29F93BFB392C6BF7F24CD3D23CB5F6F4DFF4578BE567EB5946AE1DAF13EFAF8FFEB62D3F8D564DFF00B460F85FA40ADC3DDCDCF5BB99D63DE75FBBFABA5D6E3CC0808080808080808080808080808080808080808344F1F8FE7F5CB1CB4C59F273F03EC5AB8F6BBD0F64CD7DDFF0CF3EB11D2DF3F08A91BE4F8777578CFDCAA27C7F1EEECC4CE969FF00EA3A69F1A4F5F15849B03AFCD1BF9D8D962DF6DCD3E28B7874E2E5CBEFCA9FEB7CB1B1F62C69F63933C55715AFAEDFCDCF9CF95BFD2BC7F3FDF0B311F6C87173A67CBF8BD9F6D207BE7B1E397E1083F5DBF5615B87BB9B9F99EE275F2D63EED68F3F9E965BAF2C2020202020202020202020202020202020202020D17C7DF8FF0071F9117C2F8816A63CEAF43D934DF0A6F7E7B444F9EFE08990793BE9D3E939F9FC151E4EE5A6DADF9DF4A7D7E7ECAC5E1DD87B76E4A3A2D99AEF7889BF953BF3FBF2F1A7E572DB66F9AB3F7D5898D39DBCA9DB97CFFA5766AED48B7DBA35F14DF8A279DF4A7FF5CCB5EAF7D163FEF1833FEA0CFD6AEC3DDCBED18ABB9AAF13ED1F77BFA7BBA516EBCA080808080808080808080808080808080808080834671DB5CFE906E2D6EAF362E4EF8816BE2D3333A3B5D9D98C1C3C398AE63D62FE3F3B236AA391917F080B7D2E5477589D25D68CF6523FED1A787A47BEE869AA69D8F2D7CAC6F679AB1DDE274959FB76536E38F6F9F5526D65349E6C8CEFC0663D4B3DD57E2C7EF1CA6FC51D7695E44F611E4B967BBAFA4B139ECA44DB8A34F09FBA96A734F1658DA1EDD62E307A71AC2B30E8AA279B9D9ECD65EBC298A6A89F4DF97F974BADA79E1010101010101010101010101010101010101058DD2E74368A4755DCEAA2A5A76900C92BB0012703741A4F8B2E34F59C6B5571A4904F45288DB1CD1EED710CC9C1F001058DD2B98EA6D6C0ED0E6E5AE23628CDD83DC6A5AF7BBCA42EA14D3B43B7085D3D49503AACB637380EE085DEAD1550B78A2D35AF769A582B2292498ECD6B43C649462EE95B35F6D77B64925A2E14F58C8DDA5E6178760A092404040404040404040404040404040404040418474BB6DACBA704CF4B6DA67D4CE6689C23663380F049DD069A944B0D3DBE95ED7C530ABCC8CC6ED6682D24FAF655D7544D33696FE5F2B5463E1D38D4E954DBCD4AE15108B653C04BB53185A723C54A99BD312D5C7A38316AA3A4CC7CB13981D5C94950C70C8D8A09CA0AB86385C0B8E741E43C109238B44EFA6898ECBA18C31BF9C799FA55545578BCCBA59DCA4D38DDD61D3AC53133E2DBBD03596E566B55D05D28E4A633CEC7C7AF1E50D3CC615AE74C4C6EDA9946040404040404040404040404040404041F1CE6B5A5CE20346E493B041057EE26B6D968C4D34EC91CF7688E38DC09738F628D7570C3632B969C7AAD7B446F3281D172E2021D76B8C16EA23FD5A199BADC3C4E7655F0D75FF3690DFF00DA72B948B65E9E2ABFAA7F486B8E29A7A5A3E35AAA3A00D34ED8E30C01FAB9B7739F4ACD544451311D14E5733898B9EC3C4C59E71E889B8B58EA61AB4EA6F8A961FF00247935F3B37CCE279CFE5895610D7EC54DACA513877A096A4EAC3356472EF4665231C719E34B44152586192AA16481C762C2E1907D4A8C0A6F45AA763B5F1A633DDE614EB111F86EA7DBEA2C8E749C3776A7960E6EA1A89C11FE176764E0AA99BD128539DC1CC470E6A9D7FAA37F5EA95E1EE2CA1BACB352CC05256D3E3AD8A470C7A8E7055945733A4C6AD5CD657B9B5745515533CE3F58646C919237546F6B9BDED390A6D37A4040404040404040404040404040411D7EB6FE17B2D6DBBAD743EEA85D175ACE6CC8E6106B9A2E87DF498FE5C74B83F948738F9D08998D218C71939FC29778ED8E64552E7B03FACC16FCC82DB8A691D6CE21AAB3EA6BDD1358EEB80C6750CF246626635863172B691F977A1ADEF2839E1EACF9DABD28C3C46C2FE40041214B09DB708256D533E7BCD05BF43335750C87AC3BE8D440CFCE96267ACA71D412C9C64DE1B123066A1D0F5E01EC769CE1065537424E9A4D67886661EDD11633F3A33796C3E0AE1DF7AD618ED7EEC92AF4C8E7F5B2733939C2309F404040404040404040404040404041E649191C6E9247B58C68C9738E001E9411EEBFD99B9D576A018E79A967DA8348F4C15B4559C63493D2D5413C3D486992291AE6839EF070878BCF1C56D3D5F4815F3D1CD14F0B991012C6F0E69F247223641077670D3CC7B5062F5846BE6105181C35730824E9DCDEF1ED4177659A38B8BECB2C8F6B23657C2E739CEC0680F1924F620CBE3AEA21D3036A8D5538A615CF7F5C656E8C17673AB38C2176ED65FECCE1E4DDEDE7D154CFB505F413C35118929E564AC3C9CC7070F6841510101010101010101010101010101047DF6D8CBCD9AB2D9348E8A3AA89D117B00D4DC8E632834E5F3A35A9E16A68AA6DB3C9708CBF1287C1BC63B09D2796E77C28575CD3B45DB993CBD1989AA99AF86AE57DA52DC3F64B75E636454D7A8A2A92DFFA79A934BCF791E5E1C3C5B94A3162BD99CD767E632D37AE3D58D712519B7F1255591D2B5C21635C660DD20E5B9C637C7B52BAB822EAF2B979CC62D3851CD8CDC2CE4B3AC33BB1DCA51378BA8AE9E0AA69E9A31DA883AB7F327D2B28BCC6C3DC1049D1D19716F96372013CF0B13368BA54D3355514C739B2568B7E21A2B4B74115350C83AED3CB510338EDC28D1571D376C6732D397C6AB0A75986C4BE700D0DA294BAE5C470401C3C960A225EF1DB8687E4A9555453BA18196C6CC55C3874DD8F58FA2DF7CF553CCFABAAA5A0660433BA9DA0CC7B70351181DE323C5428AE6A99D17E6F274E56988AABBD7D23947F76E3E0BE1A8B852C71DAA9EA25A88D8F73FAC94004927C158D14F20202020202020202020202020202020F18C8C14366BEE93ADD64B55965BDCD493B27648D03DCB81A9CE380483B0E7E70C1F15557834D5AECEA657B5717069EEEBFE2A3A4FE9FDA74F06ADABA8ABA8AB86E754F96A1B5A5B0B64948D4D201C038E78039F6A85515461CD353672D89813DA38789851689D67488FC2D2E351552504328803637025A7537719F995D47F2C3918F31DED7E73F9962F533973F78C7B5494A9C523F6F27FE4104C50FBA71A8420B46E7CA036589D93A2A8A6AA6A9E530AFD73E2E208EAC1733DC6E8E705A1AE3A86EDE7E2A8C289EEA221D8ED29C09ED19AF1B5A74D23CB66D8E8B4DA38B8565D2AA0ABAAAD8246B64358416071DFC9009CE3E31DBB0052A702226F54DE55667B5ABAE9EEB023828F0DFEF97AB6906E03434600F0C615CE4DE6EA880808080808080808080808080808080808317E917876AF8A38626B5504B0C52BE58DE1D3121B86B813C81FA1069CBADB26B7D44561ACD4EABA2984CF742416E0C786E09C778EC519A78A26166162D5855C574725A57524CCB5414E5A7AC8A3D24E7659B590BCDEF3CD875543246E390B2C3CC41E48183CB7413D404C711688DDBB48C8C63E9414E8629EAABE0A17806AAB5F1D3B1C71A756AC0CF86EA311C30BB1B315E3551557BC459BCBA27E0AB8706515C22B94F4D33EA666C8DEA0B88000C6F901494B3D4040404040404040404040404040404040404041A578AA0153D2955C25DA439B082E3F046908170B543252B0FBB22D72973626B46C71DE7B3B106015B6F81DE5BEB9AD69241E407CE4650538AD018632D99EFD6010433603C77419132CDFC4239E9A57CF23E4D0D6B5808F4E4138F5A08AB7C619C6F646076AD37380123979E10750202020202020202020202020202020202020202020D1FC69BF48F711CFC88B1BFC5416974C9A7EC384180DCB79B61F3A0F348D859211219B2398C0D9065D6ABC3ADF039B6EA76C5AC0EB5CF76A7483BBB80411B4263F7F1637C7E435D71830D3D9E58D9074FA02020202020202020202020202020202020202020D45D3142696FB6BAFD1A239227C6E95BB02E046013DF8CE3D08308A9AAEB231FC3123B46A4107749A85EF94C703C03A7465FE6F7A0B11243D639CC6B802EC8D4FC903B905F453B5BF943BF8A0CA3A25A5371E9029E50CEBA2A585F248E2DC861380DF41E78F420E884040404040404040404040404040404040404040416771B7525CE8E4A4B853C7514F20C3A391B905062D3F459C2737F67C8CF08E77347CC507385EA06D2DDABE9A12EEAA1AA9628C1712435AF207D082C8B008A5702ECB40C6E83A3AD3D15708BE829A792DF2C8F7C4D73B5CEE39247765066365B1DB2C54C29ED3430D2C44E5C236E327C7BD04920202020202020202020202020202020202020202020650720710827882EBE3709FF0068E411EE07DCF5071F047D683B0ACC7F9268BFF033E8417A80808080808080808080808080808080808083E6505BCD70A2833D75653C64763A40105A3F886CEC38370809F8AECFD08293B8A6CA39D7B3D4C71FA9051938C6C51839AECE3BA377D88398B882A9E6F57094403449552BDA71E734BC9050587BA259E19216538D4F1841D4164E2EB20B5D246EACD2F6C4D0E06377303D08245BC55643FD7DBFE9BFEC41559C47667F2B8423E5123E9417515D2DF37F455B4EECF74A105D0208C8390507D40404040404040404040404040404107C694D5F57C2D7182D21C6B9F16200D78612EC83CC90020D3F49477DA76E2E9495D09ED3253168FF00363082F1CE63464CADCF89082C2AEB1F0799A4FA504156DFE46E7C88C67E320C6EB6BDB2BCB9DA37F8C829D25535875334B8F81419052711CAC6068899B7C641250F104AF192201EB3F6A0A9F8725779B2419EC007FF00505BCD51C4F559FC1B415F36791A6A173C7B74941B93A29A2BD50F0A86711C72C75AFA87BC325782E0C2063972E4764199202020202020202020202020202020F837083E3BCD280F635DE7341F48416F25B6824FE928699FF2A169FA90507D82CCFF003ED140EF4D330FD4828FBD7E1EC83F806D791CBF89C7F62049C2FC3D2BB54B61B5BDDDEEA38C9FA107B6F0E589BE6D96DA3D1491FD882BC768B645FD1DBA9198FCD81A3EA41751C51C63F838D8DF92D0107D772283E47BB77DD07B4040404040404041FFD9,'Microfone',1,19.90,1,10)
insert into  Produto (id,imagem,descricao,id_categoria,preco,id_marca,qtd_estoque) values (7,0xFFD8FFE000104A46494600010100000100010000FFDB00840009060712131215121212151515151517151717181917171715151716171715171717181D2820181A251D1A1721312125292B2E2E2E171F3338332C37282D2E2B010A0A0A0E0D0E1A10101A2D201F1F2D2D2D2D2D2D2D2D2B2D2D2D2D2D2D2D2D2D2D2D2D2D2D2D2D2D2D2D2D2D2D2D2D2D2D2D2D2D2D2D2D2D2D2D2D2D2D2D2D2DFFC000110800E100E103011100021101031101FFC4001B00010002030101000000000000000000000003040205060107FFC400441000010202040A060707040203010000000100020311040521310612415161718191B1F013223272A1C12333425262B2D10714738292C2E13453A2F1246343B3E217FFC4001A010100030101010000000000000000000000010304020506FFC400301100020103030302040700030100000000000102030411052131123241225106334271131423618191A11552D134FFDA000C03010002110311003F00FB82008020080200802008028C83C2E5CB9C7CB183074668BDC3785C3AF4D73227A6446EA74217C46EF0AA95F5BC799AFECE95397B113AB5823DB1E25512D56D23F5A3B542A3F044FAEE0E727502A996B968BEA675F95A9EC44EAFE1E46B8EC1F5544BE20B75C2674ACE7E488E100C90CED21512F8929F8832C5632F72376103B2431B4FF0A897C472F10474ACBDD913ABE8B91AD1B09F3544BE21B8F1148ED5943CB2335D46CE372A9EBD74FD8EBF274C9A157EF1DA603AAC5AA97C4535DF1C95CAC97865E835EC3378737C782F4A96BD6F2EED8A25695171B9720D3A1BBB2F69DB6EE5E953BDB7A9DB3450E9CD728B016A4D3E0E0F5480802008020080A34BAD60C270644786B889807289C97326D47A8E1D48A974B7B913EBB8432B8ECFAAF32B6AF4693C4B3FD1AA16F296E889D8410F235C770F358E5F10DBFD316CB55954644EC21CD0F79FE1512F88D7881D2B17E5913B081F918D1B49544BE23A9E20BFB3B562BCB23757B173346C3F5544BE21B87C2474ACA1E5913AB88C7DA03500A996BB76FCE3F83A5694C8DD59463FF90F80544B55BA97D676ADA9AF042FA5C43EDB8ED3F55C42F6B4A494EA3C132A518A7D2B72974F18F681D96F172F5A71B47B46AB6FF76CF36352E5730C7D8F60BDE4F59A00DA0EE2B25DD0B5845744A4DFF68BEDEADC49FAA292FF004B6D6B4E476C92C51A2A5E24FF00836B9B5EC8CC413921B88DA3C95CADAA3E29B670EAC7FEC8F7A277B806B32E242BE1A7DCBE2895CAEE92E6688DECCE583F337EABB7A1DE4F750C15FF00C8DB456F3C984DB96233793C02B23F0DDE3E522A96B16CBC9E18B0FF00B8360779C96987C2D70F9922A7AE505C2C9898F0E44E338C881D902F9E9D0AD5F0C61E253FE84756EA8B9463C181A6C3C81C768FA2D91F8568FD5366296BD2F113075386466F3F40B447E17B45E5B2996BB5BC246269C7DC1E3F557C7E1DB25F4953D66E1FB183A9AECCDDC168868D670E29944B54B97F51B8C13A5BDD18B5CEB31099649CDB6C9689D18528FA560B6CEE2A549B53793AF551EA04010040100407CFBED13D7C3FC33F315A6870CF22FF00E62FB1A58D06910035C4B981E2C91B33C88164F5A4A951AB9528A6519AF452926D224855D3C769AD70DC7C3E8BCBB8D06D2B6E961FEC6CA3AC5786CF736341ACA1C4762DAC3226DB459AADF05E355F85A79FD39EDFB9E9D2D720FBD178BA17F73734F9AE63F0AD4FAA6772D6E92FA4C4D2608CAF3B00F35A21F0A47EA994CB5C5E226269B0BDC79FCC0792D11F85EDD72CA5EB937C2317560CC90B7B8F9495F1F872CD729954B5BADE1189ACB34267F91E25688687671FA0A25ABDCBF2626B37E46B07E56F9AD11D32D23C53454F51B97F5189ACE2FBF2D400E015F1B2B75C417F4532BCAEFEA66069F14DF15FBCAB55282E22BFA2BFC7A8F993318515C5D6B89B1D7F74AE2B45286C69B29375776C8015653ED467B8DAAC815DE0A4F39F14C907BCDCA094483B07BCDFDCB3CFE623D3B678B697F2460F33D4B51E59E4F9DEA064F415D107879B352E41BBC0DF5E7F0CF16AA6E3B51E869FF319DB2C87B41004010040101C3E1A51BA4A5C166306E343369B44C126475CA5B568A4F106799770EAAB1451ADA14430E2F48475A302C18C48188D7E34B1A52120A60D752C1C5684DC1A97ED839F8901CDC6C612C59020D86DB42BFA9183A1A27AB04A25BEEBAFD48C85C9B33B109C1B8A96AA63DAE8B14CA1B66334E579272054D4A8D3C236DB5BA92EB9F059ACEAB82E8462D1CF66F0092081DABEE22F5CC2A493C48B2B5BD370EBA7E0E6DDCDBA5683CCF193C689D804CEF4CE392126F832C433948CE7294AD9DD2D7353944E37C189BF6F9A264358039F1420928E7AC36F05556EC3658FCE44439DEBAA5D88AEEBE6C815D99C73E298204D304927B1F9FC8ACF3F9A8F4E8ED6B22188FC51320CACC8AE9CFA4C7428CAB3C20D331316F25751926B255529B83E97E0C949C1E73C14206F7033D7BBF0CF16AAAE3847A1A777B3B558CF682008020080203E7FF687FD442D10FF00715A68F6B3C9BF974D48B39FA6D39CF88E7DA012486938C063091034156A8AC18E755CA5926875999B8E2C83AE94ACD73BFF00DCA5350E0771ADBEE8CA0446BA39732E2C3AE72B67B6DDABA4B62B9B4E5B1B2A3519F10E2B1A4994E53174B4A4A492DC985394DE226E6910238A308261068C668C62F16973EC121A48CAA84E3D7936B855549431826FBBFDD689103C8C68848005A26E18B2D3216A8CF5CB63B51FC0A18972CE369909D0DE225A5AE208CC45E5A5712935234C28C274926BC1BB8305AD7C40D74FA844B281D5369B8DF2D8AF6DB8A3CB508C67259269436BC09300043F189EB6308D8B29CEEC5C8A3123BF427835D5839A5DD5962C84B38B6DC6F8A733A55B4D3C6E66AED396515DBCD8BB2824A3F6DBDE1E4AAACBD06BB27FAC88DD79D79F495347B08BBDAAB3C27578AB4CA0203D4066EEC0EF9F942CD2F9A7A50FFE365AABA00735E1C260B64971EC59A6C7B99AF80DC5989CE47C975477894EA185509D9089CAADC98943266EA2900927228523A74B0B26D702FD7BBF0CF16AAEE3846CD3BBD9DAAC67B21004010040101C0E1F8FF910AC9FA23A7DA2AE84652A6FA4F2EF5A5563939830C1EC9B732E157A94DFAD6C66746125E87B91912B16B8C94965199C7A5E1966ABF59F95DC1744237741A73A0BB1D929C88B4122D94F82E650EAD996D2ACE9BEA47434FA739F426C52463E334D82E2D89658752A230F5E0F46AD66E8293E4E66954A7C438CF7171C93375A2E1916A8C54783CA9D59CFB9971CDC68041B7AA74DA0192C553B8F7ED5E692352C3300E70382DB15E94781572AA333E6E53B159E1E77A9C8039B75A860CE8E7AEDEF0E21575BB19A6CDFEB2114758EB5147B11D5F2C5666079DC1599321E737A9C907BCDC992491DD81DF77CA1667F38F4F8B32ED5D64379515DFA8BB4E5FA6FEE6AD9338C7E271F1215B47B4C57EDBAACBB06334017EE5DB89542692248CFB0EA5CA5B9DC9EC6C302FD73BF0FCDAB8B8E117E9BDECED1643D90802008020080E0B0F83BEF10B16FE88FCC558AAC2953739F07997709CEAC540E6A2C4F7D96E7B9594EA53AAB307931CE3286D2581D007765DB0AB96DB15F4A7BA66755FACFCAEE0BA2B5C9B1275F214FD87930727073978C0E73E54EA5EE30CDB502D872D63C4AC753B99EF58FCA349473D51A8705AA9BF4A3C7BA58AB2FB92737AE8A11E29441E8E7C54308CA1DE37EE92E2B76335597CE46548ED2E286F02DD43E6FF04479B15C613D52809D9FCA1048F1D56EB27786ACCB7AA7AB5162D117A019419E72B8ABBC8D7631C52450A1DB0B537889ABE9EC91E6577D5393310D39B8AB7263C3277C4129685C792C72CA36F8160F4CFEE79B5555F846DD397AD9D9ACA7B21004010040101C07DA0BC8A44322FE8CFCC55AA942AD3719F0799795250AB1944E77EF730411783767D45625A5FE1CD4E9CB6F63977FD5071A91DCACBD83CD2D55BEB3F2BB82108D9B0806665BA6A9B88CA51C44B694A2A5B9974A32039325FA164FCAD56B797FA5FF008F4D3DA3FE1EF4DF0995FB89278CD15935F50FCCA7F49B1A034C8CC4B2EC905DFE1A86DC9E8D9CF317B637346C1298CCE70DCE2B652EC3CABE58ACCCF9E0BB48CA79CF8AE91002E58464DF23C17157B0D566F15A24B49ED6EE25716FD85BA86D53F8203CDAAF3005049EA904F1FB2367CA165A7BD53D7B8DAD6289E9671600EE93E0AB9F71B6DD74D245386D2DC5982252F05AD63078136D4DE4B2628288EBAD32A136F3A17650DEE7418166715FDCF30B3DC708F4B4EEF6764B29EC0401004010040701F681FD442FC33F3157D28A699E55F3FD489CD4582725BE7AB3EC574574EC619ACEE4257656CB55676FF2BB82108DB519C419818C6576E978CB5A8924750C9274AF3393337112D793C332617B9DA94B3B2308F487CC87484EF909DF219F44F90A708E1CDF0CB755C524904CE5764B2D5456491E9E9D26D34CD5C5127C41F1BBC6DF35DD079899F5158AB9FD8F372BCC026872CDCD53513E280F792C61BBDE70D0320D2A8A95B1B23D1B7B1753D52D8DC8C1F800118A4991132E766D064B34AA4A5B33D1A7674E0F296E578152C17838CD331F11BB99A42A38AC23AAB6D0AAF2CC22E0D43F65EE1AE47C82B1576B9334B4D8786538B83910765ED3AE6DE135DAB88FB144B4D97866BE9556C58609732C1947587F1B558AA45996A5AD48728C294726992A2977B3D0BBF9315F626AE04A1B46868DE42AF966C7E9A2FF0064538912729E41A56F48F9C94B3C861E649821331279DCA7019BFC09F5CFEE79859EE3847A3A6F7B3B4590F64200802008020381C3EFEA617E1FEE39969A3C33C9BFF99139E77FBB80DB648ED015A653D2321B736796A27812A086918D5E3D21EEBB42ECA5EC6CA1BC8ECDE44ACB6CB3E8A2728C5664F1F710EACEC485D14DC0DF3ECCADDCB2CAF6DA3CC91A15BDC3DD459E7DDDE4DB97390A896AF6CB87FE1D7E42BCB944F54993DC3470256AAB2538464BC97E9EBA6A4A254A60F4B13583FE23E8BBB77B11A92F545981DBCC9683CC37783D53F487A5883A83B20FB6739F878ACD56AF847A567679F548EB1653D8C63808C928D0E3B0B9C1A6796790DA6E28416D483C214030735086B3B1CA56D57CA26334585D6EFF00F6ACA5249EE65BB839C638F0CAD5E3AD63748F013534D7A8EEE9F4D197D8A256E3E709E1515C44EC13BA66D3A979571ABD0A52E9797F6F06FA5A7559C7AB6444E690646C2342F468D58D5829C5E5331CE12849C64B1837F811EB62770710ABB8E11BF4DEE6766B21EC840100401004070387FF00D442FC3FDC73AD347B59E4DFFCC5F639F9DDFCDDA328D84AB4C84710095A0CB3895FB2CDE014397833ABE5D21919F55DC17582B78367478B8A49209122382C5A8DA4AE69A845E3068B3B88D0939496491F4CF877BBE817994B43947EBFF0DB3D553E23FE987DECE40DDC4F9AD2B46A7F549B287A94FC244956BBD26B078AF4A7051A6A2BC1CD84F359BF722ACC4A31D2D69F170FA2E6DFC9A3525E98B2DD4F5674A719C3A80FEA39B52EAB55C6C8A2CAD7ABD723B1A3C56101AC7032B240DA3664590F696CB04AA490808CC31984A572820358009012D480F4A0228CF909A035D1C7549E6D2A01CCD70F9C568CD33C079ABE8AF518EFDE2932BB5B75B9B3AB6BD471A72697099E3518A738E4DA4471EC8129CE6EF740323B8497C4508D36DD79CB75BF4FB9F4F373C7E1535B3F3EC50A64B1B6373DF20BEAB476DDBE5F96F0783A8A4AAE17B6E6EB023D6C4EE0E216DB8E11669BDCCECD643D80802008020080E03ED00CA9108FFD7A7DE39AD5A68BF4B3C8BFF991FB1CF638BA633E4E371DB22ADC191B47A4CAF36F8FD65BC2139D85047A4374F11D74B30CCBA2965D3CEE5D1C1E2107BCF8A9089A807D20DBE6AAAABD2CD766FA6AC4B91E87D25218DBA6C74CE86913E2B2C27D2DB47B17143F1525FB9D3B21063435A2402AD97C62A2B08AD49A235C6771CFFC21245E9D9D97976D9F8390189AE62B3B70FC0B7C6D52464CE1E11C337B1E3548FD1064B30EBA807DB96B0E1E484E4B10E9B0DD3C57B4CAF91B94029C58F8E6CB8210634B1266D1C6688938FAC1FE986AE27F85A682DF279DA93F42478B4B49AC33C5E1E5725E6525D29624CE7B4032B891715F335348A0EA66353D3EDEDF63DC86A155430E1BFB94E2389249BC9B6DD4BE8E8D3853828438478D5252949B9726FF00023D6C4EE0E2AAB9E11BF4CEE6766B29EC840100401004070387FF00D442FC33A3DA2B452598B47937CF1522732F857CADD561DD97585DA8B8BD998E49608DB10812BC66368FE15A549B2C55FDB393A8ED3902944365FDFC853839313CDAA48039B34A025A31EBB7BC38AE26B3165D6EF1522CDCD10CA91034888DFF0009FED580FA52ED635F51A1193A28C61786873C8D78A0CB6A8050185746CA5E34E238F83413E0A016E0D794674A51D809B838F464EA1124501B1072E43973A1046F82D37B5A758053208CD121FF006D9FA426418441905D9B26E4067466A023ADA2CB159964E71D570DF376E5288CEE7211ED8AE39A43CFCD6AA0797A9BDD2325A24B2B07949EF924E9346F24ACBF967E6468FC75FF0053C73CDD203509665DC2DD45E72CE6559BF08DFE047AC89DC6F15173C236E99DD23B2594F60200802008020380FB403FF2217E19F98AD345FA59E4DFF7C7EC73D312D7A4113C969F391D2AD326726315A0FB56DD6FF36EFDEA4E6491955ED93CF75DE4BA454D60BC767214E4E0F0A9039F1407AC3220E91C57325B1DD3DA48B55E3096364E734E3118CD3270C66B858725EB0C5659F455A4D5272471948C1995A1CE3A4B893BD6BFC289E1AB9A9EE5575591987AB1220D4E74B74E4A1D2476AEE7EE78293496DEEC61F1347ED92ADD145F0BD9225A2578F846618E8794982F2C99D2D129ED2556E8E3834C2F93EE3A4AB30E9C241EF0F19A2010DFB1ED18BE0679D56E0D1A235E12F2769575650E3B66C36E569ED0FA8D2261725C9E78248A809A882D4069A9B1B1A9348CD0DB0A16D0D310FF00EC0362B1AC22BA6D39CBFA342DED38FC47C243C969A0B6C9E4EA2F357065CF82BCF3CF4736A03C9203A3C08F5917BADE2B35C35847A7A67733B1594F60200802008020380C3E3FF2217E19F98E55A292CC59E4DFBC5489CDB996D93B735E760B1C34852A2E3C191E1F2464837D97DA2EDA322B97192B7CE09E8024F3DC769CCBA470CBE79DCA707062510039DEA403B799A129EE5FAD6D860E961F11F5583891F472F551FE0A1CDDA96EF27CE1896F3B549044FA2B4E40A3049523552C393C1304F51423D400DCB9713A551A21A1D169346707C0368F66F69CE0B731D1255BA499A69DDCA0F93BFA2D7F0DF0DAE78731E475A1E2BC96BB280409113B8F9CC0CCE8CF3B23D38DE52C65B218F5FBE5284CC4F89F22ED8D131B493A95D1A1EE65ADA86562061411286E71249738924DA5C729272DCB8ACB12C1A2C5B74FA9F966B603ACBEF24EF74D69A788C564F32EDF55678276D1621BA1B8E9C532DF72E65714A3DD248AA36F565C459332AF899401ACB78024AC75757B3A7CD44698699732FA095B559CAF6ECC63C64BCFABF12DA47B72FF00835C343AEFBB08DEE0AD1031EF21C492D178032EB2A6D75757CDA51C246CA7A77E5376F393A75B8B42008020080203E7787313D34239A19F9CAD34386791A83FD44FF63425C1C256CEFDBC09D361D6AD463CA640F7137DFE3FCAE8AD962AEED9EEBBC94A392F9D8841E15240E6FD2A403B399A02F532D81F941DD23E4B0CB699F4943D5457D8A4EE6DD4B6ADF73E7A7B3C18AE8E0F41E761500C990CBBB2D2754CF05CBA905CB476A137C264EDA044F708D726FCC42C95351B6A7DD345F0B1AF3E22C90558FCAE68DA4FCA085867F1059438964D90D1AE65CA4895B55B72BCEC6F993E4B055F8A692ED8366BA7A04DF749128A043191C75BACFF001038AC153E27B86F1081AA3A1DBAEE6634B01B0CE2890B4894CE49DE66BDEB3AD52AD18CEA2F5325D28D3F4C3824AB227A2662BACC503AB65A048DDA66BE2EFAF2E3F1A51EA6964F528D0A4D7574A2779BCDE78AF3FABA9A527E7DCBF0A29E1235944A44773092180E37B61CC18B2CC2DB0D9764DAB756A34232C472F6F1B996954A8D1660322970EBB5C27D96309B2DB273CFA3227E51CD6214DFDCE954927EA91D1D4501E0B8B9A40204A624BDDD16CEB507275163267BAAB19E306E97D098C2008020080203E69864671619F808D13C62569A0F63C9D453EA4CD01579E6E02128B35776CF75DE4A51CB2F9DBC8420C5CBA441E8E77A0079F140CBE44E04BE1238858AAF79F4364F3451855F440F6E33A72B8012133204DB9AD0BCFD575856518A8ACC994DA69BF99A9272D926598CC830ED7377E3BACB2648192D16E919C2F9F5AEDF57CFE1E11EA7FC55AD2C756E22D610219C52E635C3206898CB904D63779A8D6DFA99A6342D29F1106B39F65915E089821A646D97B5259674EACBE654FF007FF0BA3382ED898FDE629ECC023BEF6B6577BB3E42AFF0A8C7BAA1DFE2547C44B70C9C518F2072C8D9B0959E70DFD1968B94B0B707AC086CCCC11D505D7EA5A28D9D7724E34DB389D58630D90517075D8A5A61C4880904979C5B8102F20CA457B0EC6F6AB4D454518D4A94563392AD70315821B44ACC503364017D3D184A14945BDF0646E39CA3AB8583FEF44FD2D038CD791FF0541C9CA726DB342BB9A584586547085F8CED6E23C1B25AA9E936B0E208AE57151F92CC2ABA136E86DD7204EF2B6468538F11456E727E4B21AADC1C9EA60052020080200802034958D44D7B48BC6637EC2A536B82271535867135BE0EC58449682E6F88D99762BE9D6F0CF2EE2C1F3034D357A79E0F39A7178659ABBB67BAEF25D23965F3CDABA3831280F473BD01E1E7C5321EE6CA8AEF43AA63CD63AFDC7BDA73FD1DC92A83E89A0024CCD80126E19005F29AF5B56AF5A3F871CA513D6D3E51A719756D96598F54C48B2F4712C98B9A2C32F7ED06CBC5A2D58ED34CBB826B0967DD97D6AB4A786FC17E154B1AF9436CEFB493B4016EF57C742AB2F993FE8E1DCC7C22DC3A84FB517F4B40F9895AE9E816EBB9B672EEE7E09D95142CB8EED6E23C1925B69E956B0E208A9D79BF2598556C16DD0D93CF204EF36AD70B7A70ED8A454E4DF92D00ADC107911D204E604EE4C03E714E38D4884CCEF8637B9B35D03E92A0040100401004010040100401004062E603789A03435C60A418D370EA3FDE171D632AEE337129AB421516EB73927E0FD2204421CC2F05A40730170374AEB41D6B442B27C9E555B29C5FA4B50AA6A4BAE82E1AF15BC4CD74EB451C46C2AB2EC1C148E7B4E6376971F0038AE1DC2F08BA3A6BF322F41C0F1ED4627BAD038CD70EBC8D11D3A9AE4BD0B0628E2F0E76B71E024170EAC9F92F8D9D15E0D7610D1190862C36868C59C86799B782E32D97C62A3B22D604459D1CB7DD7BB71B7EAA0E8E850040100401004056ACDD284F3F091BEC407CF28AEC6AC210CD10781FE1483E98A004010040100401004010040100401004010040248020080E770BDBD507E17710A5029E00C5B223753B883E48C1D72801004010040101AFAF9F28274968F107C901C160D371A9EC399CE3B9AE280FA6A008020080200802008020080200802008020080200802034585ADF460F786F03E8881A2C077CA3119D8EE20A9649DD282020080C5CF02F237A031E99B9F89E080F3A7198EEFAA02857109D1581ADB2D9DBA88C9AD4834950E0FBE046E95CE6BAC224262D365E501D37DEBE1F1500CDB4919411CE84048D783719A0324010040100401004010040100401004010040101A8C276CE0FE6F2280E3B056932A631B9F187F812A493E811691786DA45F982820A9122C43ED1D9629C021C426F24ED280C84352091825720276C5CE80CC3C67080F263905093D2D420C4B101818795403364770BED1E280B10E2037280668020080200802008020080200802008020359845EA1DADBE2E03CD1038FC1DA8CF4A290E2410496C8CB38DB65BB659267A24EDA8F0908116111A42804480F40520C8040642103780A09256C340498A80F71501E3C817903599210548B59406DF159B0CF82029BEBB8373719E7306FD5013C08D11F6F44583393D63A87D501720D22763AC39F3FD0A80584010040100401004010040100401004053ACC82C2C3ED709A02BD1614AC170520D8436A1248A082BC7637329054891C36F9EC52085D5901D964FF0034BC90113AB68DECC06ED883E8A09207D654C37360B779F342089F1298EBE3B1BDD1FF00CF9A0233418AEEDD2A21D02607CC80920D490BDA2F76B77D00406CA8D55C06DD0DBB66789280DA4284D6F65A06A007050091011C5821D7EF4044C885A715D7643F5405940100401004010040100401004062F748127220382C2FC31E85E60C06B6252256CE6E6411780E0D20BDD68EACC4A769CF20D055386D4D6BE711F0E2B676B0B04323435CDBB682849F4EA96B587498622433A1CD3DA6BB33873350417C94053A4C45D1268E974899420A9D321248C8E8095B19012B5F3BA65014297841458465123C307DD0E0E76E6CCA806BA27DA051C7AB6458964C498E03FCA48415A2FDA145F628A477DED6F0C6424A31FED069DECB60B6CCA4BADD8D162020FF00F41A7837C1D5277F28417A85F6A515A651A13489DED7027C4365E280ECAA4C2FA252C483C026F6BACFF4A01BD81369C536894C1D198A027401004010040100401004010040430A8B0DA4B9AC6B4BAF20004EB22F40414DAA28F17D641638E72D13FD5784069A0E0EBA8B17A6A238969B1F05C7B4DF81C7DA178C6DE2680DF448B6723C148351585225667520D1C78C80ADD3280490E2584921AD689B9CE326B46771C880D256185E1BD5A3B41FFB2203BD90A637BCFE50849A531A3D24F58C7A45BD918CE689E410E18C50362036144C11A6380C4A2E20D3890E5B0907C101B481F67B4C776E24166D738EE0D978A0C9B081F669FDCA51FC8C03C5CE3C14106CA8FF00675426F6BA589DE7CBE40101B3818214065D45867BC31FE69A036106AAA3B3B102137531A38040634DA9E8F165D241638B6E329386A70B4202D4182D6001A24058356D4048802008020080200802008020080200802029D3613AF689E70253F1520E7E99468C49F46FDD3E09906AE3D0E37F69FF00A4FD1320AF068319CF0CC47024E504019C9406F8E07C38CD688EE7E236D109A715A4FBD108B5CF96632170CA4C036942C19A1C2EC51A14F396E33BF53A6501B56B40B058101EA0080200802008020080200802008020080200802008020080200802008020080200802008020080200802008020080200802008020080200802008020080200802008020080200802008020080200802008020080203FFFD9,'Modem',1,129.90,5,10)
insert into  Produto (id,imagem,descricao,id_categoria,preco,id_marca,qtd_estoque) values (8,0xFFD8FFE000104A46494600010100000100010000FFDB00840009060711121215101213151515151715151515171716171715151616161715151516181D2820181A2520161521312125292B2E2F2E171F3338332D37282D2E2B010A0A0A0E0D0E1A10101A2D251E252D2D2D2D2D2D2D2D2D2D2B2D2D2D2D2F2D2D2B2D2D2D2D2D2D2D2F2D2D2D2D2D2D2D2D2D2D2D2D2D2D2D2D2D2D2D2D2D2D2DFFC000110800C900FB03011100021101031101FFC4001C0001000203010101000000000000000000000203010405060708FFC4005210000103010502070A09080903050000000100020311040512213141510607132261719417324254558191A1B1D21415235274B2B4D1E2163372A4B3C1C3F00824344362636473828393D32535444592FFC4001A010101010101010100000000000000000000010203040506FFC4003211000202010203050704030101000000000001021103122104133114415152A115226171B1D1F03233819105C1E14223FFDA000C03010002110311003F00FB8A00802008020080200802008020080200802008020080200802008020080200802008020080200802008020080200802008020080200802008020080200802008020080200802008020080200802008020080E170AB8426C6232D8B95748E2D0DC6194A34B89A90772DC2129C9463D4CCA4A2AD9C0FCBF9FC47F586FB8BD3D833F97D57DCE5DA7178FD489E30A6F11FD61BEE27B3F88F2FAAFB93B562F1F4660F1873F887EB0CF715F67F11E5F55F71DAB178FA32278C59BC40F6867B89ECEE23CBEABEE3B562F1F4663BA34FE4F3DA19EEA7B3F88F2FAAFB8ED58BC7D1913C644FE4F3DA19EE27B3B88F2FAAFB8ED58BC7D1907719930FFEBCF6867BAAFB3789F2FAAFB93B5E1F1F4663BA7CDE4F3DA63F755F66713E5F55F71DAF0F9BD1983C67CDE4E3DA63F753D99C4F97D57DC76BC3E6F4647BA8CDE4E3DA63F753D99C5793D57DC76CC3E6FA8EEA537938F698FDD4F66715E4F55F71DAF0F9BEA63BA9CDE4E3DA63F753D97C5793D57DC76BC3E6FA98EEA937938F698BDD57D97C5793D57DC76BC3E6FA8EEA937935DDA62FB93D97C5793D57DC76BC3E6FA8EEA937935DDA62FB93D97C5793D57DC76BC3E6FA98EEAB37935DDA61FB94F65F15E4F55F71DAF0F9BEA3BAACFE4D776987EE4F65F15E4F55F71DAF0F9BEA3BAACFE4D776987EE4F65F15E5F55F71DAF0F8FD477559FC98FED30FDCAFB2F8AF2FAAFB8ED787C7EA63BAACFE4C7F6A87EE4F65F15E5F55F71DAF0F9BEA67BAACFE4C7F6A83EE53D99C5797D57DC76BC3E6FA8EEA93F931FDA604F66715E5F55F71DAF0F9BEA67BA9CFE4C7F69813D99C4F97D57DC76BC3E6FA8EEA73F931FDA604F66713E5F55F71DAF0F9BEA67BA94FE4C7F69814F66F13E5F55F71DAF0F9BEA6E5C9C643E7B4C36692C2F87967160799A2780431CFCDADCFC12B8E6E132E157355FD1D31E686475167D0179CEA100401004078BE31873AC7FEEC9FB17AF4F07FBF1FCEE671CFFB6CA3E02D365C42218834B8B88CDDCFEF98F04E9A6034FBFE9739AE229CB6BFF5DEBFD9E5D09E2BADFF003F28DBB45D50E389A18DE64CD89FFE3AC4C7D5DE7C4B8C388C9A64DBEAAD7C37A372C50B4ABA3A7FD155E176442195CD634170648C3F31A7916968DD9F28B58788C8F24536E95A7F1EBFF099314343697C7E85F2DD511961AC2D6B0BCB1CD20870F93AE17665B20DB8C1DB4588F113D13F79B757EBD7E1F22BC51D51F77BFF00D7AFCCD6B2DDF0B5CCE52314164123C1041C5CA005C47CEA55749E7C928BD32FFDD2FEBA1238E09AB5FF00927F13B19216F26D73990439169702F32617BCB46A699A9DA67285EA6AE4FE9B2B2F262A555DC8F3F7B58DAD95EC0D00071141981D009CD7D1E1F2B9634DBDE8F265825268E6C9636EC5E98E57DE717046B4D10006A5758C9B30D2456D82A2B5A2D39D194ACA9CD5B4C840B55B218C29606056C18C09651812C19C2A590CE14B06FDC5646CB3B2378A8763CB315223796E99F7C1ABCFC564963C4E517BAAFAA3AE18A964517F1FA33B71DC5072366749F24F7C9087E212D5F8DD3563C2D0701706B73A0196B9AF03E332F37228EE927555B556FF001AFE4F4F221A20E5B36D5F5DFAEDF0317CDD10B0481B098C470C7209B1485AE7B9CD1C938389692711A528461DA9C3715924E2DCAEE4D69A5D3C76DFFB19B0C23751AA577BF5F02715D3623231A4BB13A1158AA6864366E5B96C75A8664461F9D4D8B32E2B89506FB93EBF0D5555E3FEBE2558B0EA4BBEBA7C6AECADDC1B89A252E74E0418C3CBA36B4485AC7BF141539B798723B1CD355BEDF91B8A4A3EF556EF6B75EF7F7F533D9A2936EF6EBB75F91B305C767E443887B83992CB1D034494E4217B5AE23271189D41A557297199B9949A54D27E1FA9ADBE7FD9B8E0C7A2F7DD36BC7A228FC9C8C72989D3010876371635A252237BEB012731F26723B1CD350BA76F9BD34A3EF74DDEDBA5EF7F663B3455DDEDD76EBB771C4BA437E32B0E1AE1F843F0E2A62A7213531532AF52E5FE5EF950BEB7FE8E9C056B951F6C5F9F3EA04010040101E2F8C6EFAC7FEEC9FB17AF4F09FBD1FCEE38E7FDB671C48EA61A9A6B4A9A577D17DCD2AEEB73E6EA754671BB5C475AEA75DFD6A52F016FC4C071DE69A6BEA4A42D9690E752AE396999CBAB72C6CBB8DDB645F5CC9249391249248E9555772236FBCC0AD6A1C6BBEA6B4DD54DAAA85FC4ACC555B52A251AB2C4BAC6461A2A7D9F25B5332E269BEC65765951C9C1943E0217453461A640C455D4421856AC0C2960C614B0670A581852C190C52C13630EA2B519823611A10A36BA30ACBDDCA9352E79350EA97389C40503AA4F7C06DD5734B1A5B25E1D3BBC0DDCDF56CCCC657001EF7B80D039CE701D409C948A845DC525F2424E4FAB2BC4FAE2C4EA81406A6A0530D2BAD29953764B551AAAD8CEA777664CAFA018DD400B40C4EA069D5A057269DDA2688782F1E9DE35BF12427932E7BF9BDEF39DCDCA9CDCF2C80196C534437F756FD76EA35CBC598E55F4031BA80168188D0348A16815C811B13446EE97F44D6FA599BA07FEA177FD21DF67997CBFF31FB71F99EFFF001DFADFC8FB5AFCF9F582008020080F17C631E7D8BFDE93F6122F4709FBD1FCEE38E7FDB671B18DABEED33E559214DEA6E5D820B235425990F4A2EA32E7A943515F28B544D64B183B14A2EA2340AD8B44DAD66D51B91A5461D6669D116492238A65125DE085D167661E3451F020064335BE6B6674246B4F643A92BAC72A39CA0CA5B642B6F2230A0CC3ACF4554EC8E3461B014D629931181D2A5D97A17C6161B36997620362E746B5151693AADDD19EA60C4AEA2511E4135934991004D634991674D6348B1C386DF77FD21DF67997C9FF00292B847E67D0E023527F23EC4BE29F502008020080F17C620E7D847F9F27D9E55DF867FF00D63F9DC72CEAF1B390E8D7DC523E5B895962D598713144B2504B0642964329601625802CEE4D686965ADB274AC3CA6D63242CA53985D0CB62B23B5C9625911B506256E540522F712351D12ECA4726883A31B735A5221539C74028B4ABBCCB9781AE635D351CE87263726A62919C237259450A583218A58A2618A594CE052C1911A6A2D121129A85120C52CB450C1FD7AEEFA4BBECF3AF9DFE47F42F99EEE0BF533EB2BE49F442008020080F17C61FE76C1FEFC9F669976E1FF00763F9DC6322B8B340B57D7B3C6E0470857519D064415D89AC9CA33F070A6B63948C8B3A7309CA2C6D90ACF30724CFC0CEF539A390485940F094E67C07292EF2D11B46D59D4D9AD0914BDCD5B5665D0E529A68943A15975762D7431D7B8A1EC5B5230E252E0B699CDA2B2D5AB251596AD6A3343026A2E91C9ABA86924235350D264353517499E4D4D4349211A6A2E924235351749608D6751AD04B935351AD06A3994B6DDDF4977D9A75E1E3A5715F33D5C2C6A4CFA92F987B82008020080F17C617E7AEFFA44BF659975C3FB8BF3B88D5A29686EDAAFA3A998D089185BB334537DE4D088088ABA913413E4DDB94D48682B268B461C48994AB48CB4C8E229B134B142968CE860029634182D4D4396480A25D8D064C9B941A481712B5D09A595986AB5ACC3C56639009AC9C931C82BAC9CA1C82BAC728CF209ACBCA1C8A9AC72C9B6CE9ACBCA246CEB3CC2F28CF209ACBCA1C9A6A35CA018A6A2AC448354D46963346D43FAEDDDF4A77D9A75E4E29DC51DB1C699F4C5E13A84010040101E2F8C0FCFDDBF489BECB3ADE375246A0AE5444B17B14CEEF0B31842D6A33C9649B291D484E5333CA0EA433CB65659B8AD6A33CB22E69DA169489CB23456C9CA1452C7258A258E4B144B2F25945AE7646C74923835AD05C4934C8024F9E80AC4F2282B655819E36E6E174CE8E4966119A35F23636021C5ADCCB4389353873192F1CB8C9C7228B5B1D61C346589CFBF7F43D3BAF98441F09C55673450531627901ACA03AD4EFA0A135A0AAEEF8BC75D77F0EF31D965B5AEA6D5ED6C86CF0FC2259008EAC6D5A0B8D5E683268AEC3E85CB0FF9086596949D932F0DCB572105A63780E6BDA412456BB41208CF6D41CBA17A57118DBA525665F0D2ABA360C6772E9A8E6F0B01AAEA33CA65D181F36AB2DFC4D2C7F02C01A3C1F5A96FC4BCBF80336E6B47994AF165D0CA9CE256AD21CB6CC7265351A5859910A9ACDAC0C9722A6B34B03242259E61AE41CCBC5B4B65DBF4A77D9A75C334AD19C98F4A3E8CBCC7108020080203C770E5B5B4DDA3FD44DF649D2E8DE3FD48DA36709CC3DB640D9D69642D95BACCB4B2B2EA206CEB5CE65B444C055E731B18E4CABCE2D23CD5EBC2710CE61E48B83080F75403980798299D2BB48CC53A565F134E894BB9198785F64738B7E55B4A54965454F83CD24D47553A56BB41352B6ABA1D5B25E9679237CAC92AD8C12F1421E00CFBC3439E54CB3A84E70D4BC0F2566E1D96D79687102E25B8086B9AC2E01A0B4D7152B9BAA3A96DCDF89E68F10FBD1E32FCBDAD3781264E688B11E4DBDEB4D7314EF9C72EF8D74CA9A2C4A6B66CE5273CB7F0EE36AE1BB260DA06D73391CEA680E21BB222A0D342BC99F245B3DBC2E29C62EFA1D7B7F08637B4596CE439AD7B5EF7B09E73DA3201DA3855C4D465AF5AE10C0E37391D279A139250DDA2AE19DEC0D85B139B47C93308234F9363F1102BFE634FFC938283591BEE467FC95695F12CE0FDE8C10B180B480F7BB9C369693848C89ABDF5E8AD3A16389C72D6E55E1E9FF0EBC2B83C6927E3EBFF0048DE97A490BAC7131E5AD8DAE079D4C40DA1CC3CE1426AC8E3DBB4D755DF864A519C975FF9F7679788728648C65D3A7F1675AEDE165AA331472013190B1B5735A28357B8C8D0287090687177AE1B42E8B8A9252937B2BF9FE59D2589FBA92DDFF5F9474A2E30ACDCBCB0BE321B1C8E63646D1C1C1AEC25C5B961150742ECA9D4BD10C93E5A94BBCF3A9C5CDC68F4965BEAC6F3413441DF35CEC0EDBE0BE87C177FF93B8ACC788525699D658F4BA6B7FCFB33AB1595AE188687423307A8AD739986D226EB20D83CE539AC290F83059E632EA0601B94E632EA21F0759D65D467905358D4712FA8A96BBB4FFAB77D9AD09AACE39E5691EF90F304010040101E4386A3FAD5D9F489BEC93AC6475166F1FEA474B02F2730F5912D5A590A60B7A16964045C00CCE406649D00E95AD60E75E77D596CE03A59400454539D9680F36B415CAA725B8C9B17B59E32F6E329A1AF6C101C788B5AE91CD2DC34EFCB5A7335D80D36D761EF1C77BB679E7C4356923E7CDBC2673BBE73DCF712E240AB9EE24EC1B49F5ADCA11EACE50CB92E933D4C5C1FB43300761763AD4D6B85D88021C769E7B687757767E09E783BAEE3EA62C328ED234784125A616CCC8D8E660C22498508735C187E4C8CDB505B9E5A11AAD60519E9937D7A233C4E59463250555D5FD8F18C7B9C75249D7A49CF35F411F21DB3D95DD63E461648F1CA32D18C34B890E20076268693BE371AEEAF5AF1659EB9B8AD9C4FA9C3A8E386AEA9EC69DBF8566405B18A30B03F09A0739E1E2AC791AE43200919EFD2E2E1B4EEFA99CFC6A9FE95B57AD9B1C148C3A392D52C7206339D89AC2F0E0C8DB173081950B4D6B967A920D31C4CBDE508B56CD70AD286B92FC4BB8E2F0A2F4324AE65498888B056B46D18D2EC34A07739CF06A0E79EEA7A3063518AF1DCF2F1595CA6F7B5B51D5E06D8DAF89EF241ABF2C24D49660710F6E633048D2B982B8F1592A55F0FA9EAE0713942D78FD3C4E5F0B9845A648DE6985AC2CC8807981D4C3A54924546551AAEDC2D7293479B8E9396696AEE37B82D7CD1F1631FD9DAF735DAB70358D2E046828D6D2BBB76DE5C560F7655FF00AAFA9DF84E213718CFFF0029D3F851A04318E707B9AE13B5D494641A64A90E23514752A37135DCBD32B715A7AAAFCFE8F3474A9BD4F6927BFCFBFF00B3A974CE0BA30E90630E0038541D0B79D90DFA1D7AD79B8AC350938AB47AF83CFAB2454DEEBA1D3BB6F89A3B496B2473256B9CD732A70C879407307278A62143B1C69BD79D47958B990FD3B3F43D1AA39B2F2E5FA95AF5B55F25DC7D2F82FC2965A5EFB3C91F253B3C1A92D91B4AE26546475AB0D48D730BD109A963535D19E2CB0963C8E0FB8F498DAA6B4629825BBFD4B3AD16998E6A9AD0DCC8737F909CC4299E7F848E1F0ABB29E36EFB2DA16F1C937B1CB227DE7B55D4E4100401004078DE1E5A591DA6EC7C8E0D68B44D571D056CB3015DC3319AE797F43378D372491D87CF186194B9BC986E2C60D5B84675046A3A97CFD27A2DDD1E5ADFC3663456189D255B505C700041389A4509CB2CC541AF42D24B5536765826E3ABE7E868B386B3BC80D8226D69DF39EEDA06830E6B7251826ECD63E1E7368F377DF0BA6B417C4EC223A96E168A021AEA82EAD49396FA742F44317BA99C5E450934BE46934C4C86594960C6D3181954D72DFD20FF00C6AB13D52CB08AEE767A23A2386737DEA8E108DB4D857BF51F334A36EEBB4D9D923439E07245DC98A1A3E476A5C40203410D00F403A2F2676E516A3DFD7E47B387D1192D4FF4F4F8B67AE8ADE1F81B5049C25C5BA0E734389CF9A68E068771DC57CC78DC75347D6D6A549F5397C25B6CCC13ED85D106B003B6573B138F5E339E7DEB7705ECE0EA518DFEA5FE8F1718A50D4D7E9697A9E06CB76B9EF0C630B8B88030E66BD1BD7D36D256CF911836E91ECED85DF0AB1D949731B646C78881DF18DAD74A5B5C88A03B73CFA2BE1C6BDC9E4F337F5D8F7CD3D70C4BFF003BFF0035679FE0A706DD252771F9260CF320990343B01CA80569E6F4AED9F2E8D975FF00471E1787E63D4FA23B57CDF8F16296C38591CB8D91B9AC70A18C31CE930E9962631840AEB4F0971870CB9EB2DDAA6FF9FCDCE9973B78B45535B7E7D0E2451F2D0D92C4D35ABDDCA1A8184B88C74AEE6627573CEBD4BBCA6E1AE6FF008FCF99CE30538E3C71FE7F3E47B4B5C9647CFC9431C6C8DAE12C8D6B70E373808C0C3961686E339684B4EABE7C79BCAD52EAF65F03E8471C399A22FA6EFF009FCFA1C3E1DDD50616DA1830B8E4FA39D4396470B8914CA992EBC166C8DB848E3FE47878456B4798F8BE5870485A1C1C5843752715681CC39F82E145F4B9B17B1F35E29C69B5E1EBF020FA80F8CE21CEC4186A30B8EF611AD3AB45B54F7461B6AE2FFAFF0083E0D58F18D4543DA013CDF9FB80CE874D06F56E98A4E37F95E25EE99ED732D20D4D5A1C4D4D2415C38ABA92D00D73AD0EE2B9E9853C6D6CFBBE074D734D655D577FC7BBD0ED8BD229DAFE50B9931028E635D502300B4B4B3314C20D095E27827825158F78AEE7F13E84789C39E1259369BF05E1F9BD9B1777096D2C6B432F19412DE7091EE7D08241C3CB621AB4E54D372E92BB69C4E11C78DA4F5D6DB9D79384B78B9D845A5EE140410D840D68402C657157613B0E4B8C670AB68F4BE1FDEA8EFF001EE299F85979432B5D1BDEF0466D7F399A8CB37506DCF33A2DE18C251F799CF8884A32D318F5FCF13A569E352D4D8F11B23013CD0E2E25A1D427363493B0ED1A2EB0C1093AD479324A705AB4EC557370E25B7DBEEE8A4898CC13B9E5CD0E153C84ADC839C68332BA4B8758B74715975F53EE0B0508020080203E5DC7BDA0C70D9241916DA09F3726EA8F38A8F3A9249AA66A327169A3E24CE13DB031D189E40D750B9A09C2E70228E234AF34674AE4B3CB8F80E64BAD93770826730461C71D4D5D5AD46C02BA0CB4DE5679514ECDBCF371A6CBE4E123C38BDAE7632D78DD4738300F473CABCB5D09CE95EABDCD2F8FA6249A8AB8D715056A6B8B66D39AD69A5461CDB7650EBD2534248A0390A0DD9EC552A236DF5306F179A87674FDE46C4A259B167BCC0A1C032F5D0FF3EB59713719B4666BCA37E6E6D2BB35A7A75DBEA5145A12C9A9EE8DBF8C5EF688C3F983C1CB4AF46B9BAAB4925B95E594969BD8ED5D97B3ECCD05A5A1E3100EC239A1D4AE7A93B2BB075AE1913CBB771E9C53E52BEF396FBF2674C66C40BB6386832A6DDE2BE92BD104A30D3DC709E694B26BBDCE8DCFC207D9D8F68CCBDC6A31736BA0196A073BA333AEA3866C6B2B57DC76E1F88E4A7B6E46F5E1019A2E4A46B3BFC55D2873AB9A3A6A6B527F7AE9860A0ED133F11CD8D348D5BBAD4606BA66818B09636B4233EF896EFEF687AD5CD592A3FC98C1378AE6BAF436AF0BEE532C769C185D840DEC76A0E7D39E5B14C308C60F11BCBC44DE48E5AA75FD965F37A59E6B3B0B5D85EC77E6CF7BA9AE679A5B4208DA2A064B9E38CA191DF4F13A7119F1E5C2ABAAEEFCEE39BF1CB44CD95C43C34349A03938369518A835F69DAB738B941C56C7059AB2293DCBADBC286CAC11185AEA0CCB8D73A501191A1D76F4ACC71B8CB559D27C5A9C34B89C98EDA5A6ADE6E1AED3D59675A6BB57A35B3C4AD3B458DBE5C18F8C5309A55B841CE8694AEDF4E8345895B9293EA8DC724A30705D19AC6DC34C22A054E43783FBBD4B5AE4CC51992F473873B30DC8573C8529AE833A28B67B1A729354D96586F77B0D637969707640655EF41DDD35E8599414BF56E6E19670FD2E8DA9784920203B7D48A11DE8C206BA640E5A924A2825D0BCFC8FAB11F08A50CAD1A7400914233762396B5E76BD14A675CBC68D2E2722476F8B9B6F2979D8AAD682253570142EF9290738695EA01748DF4BD8E4E5ABBB7F13F4CAA408020080203E53FD2041366B2802A797765BFE4DD5F55501F0A1639731C9B89AE5914B466CDA75D93632E644FC39E1270D69D39EA9685919AED98B8D2277A5A3674952D030CBA6D197C8B8E634C269435D855B049D74DA39C39093A39A779DA32DA82CC3AE6B4D0FF579AB869946F76DAEAD06880C7C5968D3E0F36DFEEDE37747F3552C117DCD69A57E0F375726FAFA28ADA0590DD16D1A596D3E6865F3F83D03D09B305F0DDD6F71A0B34D5D79D1BC57678429E6EB529216C4F715B8D01B3B81DDCD19EFA5554D0A2A9AEDB5E4DF83CB515A96B0B867B6ADC9362092C5690E7D2098834A7C9BCEB991904D8515B6EEB4F8ACDE6864DDFA2AEC28DA86EFB49003ACD3348CBF35267A9A914AD56762B6FA144F75DA8FFF001671AEB149A7561E9F52A885915CB69C8721269F31DBEB4397428C59175D5680FF00CC494CEB5691E08DA72CAA3F9054EE2964D774831D637ED039A7326A011D1D282CD6F8BA46E6E8DE2AE14C8E94D7AB3545943ACAFE71C0ED0782EF9D5DCA8B24DB3BB09181C3277827696D32A7414B16196473402E639A309CCB48CF23B7D0ADA290B500E2DD1BCD1539D2B4D0533A547AD440A6594616B46640CFA0E669EB541EB38A7FFDD2C83FCD3F51E80FD4CA142008020080F95F1FD296C16470D44EEFD938203E2A2F6933E76DDC142126DE92975717DCAD82F96F29CE8E34AEA01D81D5D0F413E62A260AC5E92FCF76C5AB21375E92D1E448ECAA3D654B005EB290EACB2570935A8F9CDE8E92960A85E9350D2576A7765A742582A75E96823295DA7B09E84B29758ED7692E68323B9C1D4CFE6D3D1A9F4258AB3A5CA4CD26AF7D2BF3CD34D875585334F1B4695BED939EF6570A01956BB0D7339ADEA30506D368C872AF14245475F529A81975AED249F94767FCEE5750A2D61B4E1C6647803A770D3D6135174BAB371F3BDAD67CB39CE2D0482F73B3A9D4D7AB252322CA1B2DCD0B73E7A8735CE0D3B6B9139D684ABAF7A269756D15C778DA1BFDE3B2FBEA744D44A322F59F17E79C0014F3D289A98A2D7DF531C5F2CED0D29BF3A14B628A997D4F43599DDF3B6EC0DA8D9BD350A22FBE6618872CFD4533E9CF62BA869461B7D4B84D65769969BCA58D28B22BF24D0CAFEF76506652C50B45F4E0FF00CE3E987652B5A1CD44C692535F068292495A67CE19E5D49628F49C5BDE065BCAC83138D25AD09040AB24192B654A8FD2AA142008020080F9C71C9753AD6DB1D99BDF4934C1BFA42CD2B9BEB6858C93D316CD41272A67927F13CF73DCFE5281DCA3A9B9CE24B065B0542F176B7E07A1E185F53913F016682173248DD52451D4AE601AD29B2841F4AE9DA2DEC6A3C32717B9C6B3D9A98053214AD47F97235DD75C6BAB91C9616CD792EF6B4B9841C5859E9A35D55A84B52B264C2E12D245B7039E1CE61D00CB3CF692A4B228B49963C34A716E3DC422BA9841A9A541DE75A53D8BA1C940D982E6AB8358311AD72A66096D3D9EB5894A95B3AC78772748DD174E85ADA0700065BB2D9FCE6B973ABA9DBB23662F4BB5B100E71A48D697534A073C555C39799D3A17370CB1ADDEE42E9B542488E5C8126A4ECA8187D87D2B5971CAAE3D4CE09C2F4CFA18B65D0C16AE45BDEB8541DF56E26D3AF2F4A909BE5EA632E08ACDA174FF0086CF072EE8A489CF26B4AD1BB70D01AF52C67724D51D784C309C5B91A57CC113595603948585DB03A8E34076D43495D31EABDFC0E39E3051F7577D18B92CA1E444F1F9E6563E97782475E23E84CCE96A5DC387C69BD32EF5B1BD25C81F6A70C05AC661E6D33355CE392B1A6DEE767C36ACCD25B2A27C25B23991C4D71A372046ECB679C94E19A9C9B46B8DC6E108A7D0D3B3D9A2137CA005AEAB4576111820FB17692938EDD7FE9E78460B27BFD3A7A1AD7A586C61A70021DBF60392D4213BDCC65E4D7BBD4E4C975B037163A0A0A749CF4F52EAE079FBAC8CB7535AC0E2ECDC4D07F872A15849B93469C528A978943EEDE697E74C8D761CC68699EA9DF44D2EACBDF70BB11680750057A4546BD6B3AD559D3932BA48947C1F7104E215048A54654A6EE82B2F2A3A2E1A6D150B90D48C432AFD6A0F52BACE7CA77466D173616E6F6E2C881D1470F6808A562589A3D47161666B2F3B2D0D7E53F73E8B68C38B47E9B54C84010040101E5F8776212B22061E540738D393E52869AD2869B73541E2CDCD1F8A0ECDF81083E25678A0ECDF81011F88D9E263B37E04060DC6CF13FD5BF0202B371B3C4C766FC08089B85BE27FAB1F71011370B7C4FF00563EE2023F100F13FD58FB8807C403C4CF663EE201F93E3C48F663EE201F93FF00E88F663EE201F93C3C4CF663EE203842D761F9F61A754680E85D50D96725B132CF33C0AB8431B1E40C854868240A9D7A4203A8DB85BE27FAB1F71016B6E267898ECDF810136DC71F898ECDF8101636E48BC51BD9BF020242E687C51BD9FF00020242E787C559D9C7B880CFC510F8AB3B38F71012173C3E2ACECE3DC4067E2787C559D9C7B880CFC510F8AB3B38F71019F8AA1F1667FD81EEA0376E8BB18268DCDB38690F690E10E1A662A7161CB2AA03DFA85080200802008020080200802008020080200802030501F88DA16887D67FA397F6EB47D1FF008AC5194FD08A00802008020080200802008020080200802008020080200802008020080200802008020080FC4B28A39C3FC4EF695487D5BFA39FF6FB47D1BF8B1A329FA11401004010040100401004010040100401004010040100401004010040100401004010040609A66501F8B27C05CE707645CE2323A12485487D3BFA3CC8C6DE32B6B9BACCEA79A5889FE7A1194FD0CA0080200802008020080200802008020080200802008020080203526BD2CECEFE689BFA4F68F6940684DC2DBBD9DF5B2CC3FEAC67D8501A53718375375B6467F4713BEA8280D1978D3BA4693B9DD514BFBDA1281A5371C376B746DA1DD51B47D6785681A1371D7641DED9A73D6636FB1C5281A3371DE3C0B11FF94F4F508CA503466E3BAD1E0D9221D6F7BBD802503877D71AB78DA627C1F231324696B8C6C787E1391189CF34A8CB200A10F006EE6EF3EA541D8B9192D8E565AA091CC9186AD3407514208A66082411D280F7567E386F1193E3B33C7432469F4F2847A94A074A1E3A27F0AC719EA95CDF6B0A514E859F8E561EFEC6F6FE8CA1DED6B5281BF0F1BF623DF41686F9A223F68940E843C68DDAED5D2B7AE371FAB55281BD0F183763B4B481D71CADF6B501B9170BAEF7696B83CF235BF588406F437BD99FDE4F0BBF46461F61406E35C0E6083D480CA00802008020080200802008020395C2AB04D68B24F6781CD6C9230B039F50DA3B2754B4122ADC42B43AA03E3F171316FDB3594753A53FC30AD8361BC4ADAB6DAE11D51BDDFBC2582E6712136DB7C63AACEE3FC60960D887890F9D6EAFE8D9F0FB652960D86F12307856C9BCCC8C7B6A960B99C48D8F6DAAD47A8C03F845405F1712B770D66B5BBADF10FAB104B06CB789DBAB689DDD73387D5A2582F67149740FEE643D73CFFB9E80B7B94DCFE2EFED169FFC88093B8AEBA88A723201F489FF007BD01AEEE296EBD8D98754AE3F5AA960D79789FB01D25B537A9F11FAD1156C141E26AC9B2D56AF3980FB220960ADDC4EC1E0DAA5F3B187D944B054FE27BE6DB29D7057D9284B05278A194696C8CFFD070FE294B041DC535A4696888F5B5EDFBD2C1AF2F1536DD92598F5BE41FC32960F45C5AF036DB77CF3BE6741C94AD6F36373DC71B48C24E263400017EFD4203E84A00802008020080200802008020080200802008020080200802008020080200802008020080200802008020080200802008020080200802008020080200802008020080200802008020080200802008020080200802008020080200802008020080200802008020080200802008020080200802008020080200802008020080FFFD9,'Monitor',1,459.90,6,10)
insert into  Produto (id,imagem,descricao,id_categoria,preco,id_marca,qtd_estoque) values (9,0xFFD8FFE000104A46494600010100000100010000FFDB008400090607080706090807080A0A090B0D160F0D0C0C0D1B14151016201D2222201D1F1F2428342C242631271F1F2D3D2D3135373A3A3A232B3F443F384334393A37010A0A0A0D0C0D1A0F0F1A37251F253737373737373737373737373737373737373737373737373737373737373737373737373737373737373737373737373737FFC000110800D200D203012200021101031101FFC4001C0001000105010100000000000000000000000602030405070108FFC4004D10000103020304050708070603090000000100020304110512210631415107136171B11422328191A1C123344252627273D1152425334363B2538293C2F0F1A2A3E135445474849294B3D2FFC4001A010100030101010000000000000000000000030405010206FFC4002711010002010205040203000000000000000001020304110513313241122133512271144261FFDA000C03010002110311003F0099ED57486FD9FC766C3BF4736A1B1B58ECFD7653A8BEEB15890F4B744EB75D8554379E495AEF1B28674ACECBB715BAFD08BFA0288F58B431E0C76A44CC2ADF2DA2D30EDF0F4A9813C812415D1F7C6D23DCE59B1748FB3527A5572C7F7E07FC015C0C4BDAAA12D9767498DCE759F4443B6BB3737A18B403EF8737C42CC8B68F049BF758B50BBFF50DFCD71CD95D84C4F68B0A18943554F4F03DCE6C5D65C97E52413A6E17047A94A30DE89DBE4D27E95C524F2827E4FC940C8D1DB985CFB957BE3C35F6F524ADF24F87468F10A297F75574EFFBB2B4FC56435C1C2ED208EC5C32AFA33DA885EF11454B54D04E5747306E61DCEB594467F2CC36B25A59BAEA6A985D9248F358B4FA9763056DDB6272DA3AC3EA245F32C38FE2D0FEEB14AE67DDA978F8ACF836D768E1B64C66ACDBEBBF3FF55D767496F1273E3E9F45A2E31B23B71B435DB45875155621D6C134C18F69898091DE02ECEA0C98E71CED292978B46F022228DEC44440444404444044440444404444044441F3BF4AD313B7D8A37833A903FC261F8A88991493A5275FA41C67EFC43FE4B1450B969E39DA90A76EE95EEB0AF33DD5ABAF415EF779D932D93E90F17D99A1F21A78A9EA69438B98C981BB09373620EEBEBADD4A29FA69A8B8F29C0A270E263AA23DC5A5727451DB152D3BCC3DC5ED1D25D89BD344277E0327FF00287FF95CE369719763F8ED5E2B242D84D4387C9B4DF280D0D1AF1360169C1ED5E872531D293BC16BCDA3695ECCBDCCAD66D17A0A977473094747433EDB60EDFE713EC638FC17D16BE7BE8AA3EB36EB0D3F53AD77FCB70F8AFA1151D54EF759C3DA2222AC9844440444404444044440444404444044441F35F4981D2F4858CB63639EF333006B45C9B44C5AD6ECA63CE6E66E1EE23B268C9F6665D571BC2E98E398856BE9620F92525F23C5F3DB41BFB828F61ADF299A08C9CBD6B80BDAF6BAD4D3473236FA850D45A71CFED079766F1C87F7984D5FF7622EF0560E118A33D2C2EB877D33FF0025D5BF45B99049275C2CDCC5A00F49A1A5C1DEBB1547936486195F3E56CBC6C7453C63A4FF00643396F1D6AE4EEA3AB67A74950DEF89C3E0A93148DF4A378EF690BB03E9A68D93B995598404B5D62E1A8364653D5BD8C7366F4C34D8B8E80E8385BD89CBAEDDCE73ADBEDE971CCC0684DBBD33B4F10BB13A96AECE265690DDF727C08B8F5D962D4C66321B3361738EF6D9AE23BD7631567DA2C4E798EB5729041E2AE34AE90F8699FE9D252BBBE061F82B668681DBF0EA2FF01A3E0BD7F1E7EDCFE4C7D317A1C667DB58CFD4A695DE03E2BBD2E35863A3C26A7CA70DA7829A7CA5B9E36006C778F705BB66D762ED3FBE63BEF302AB9B4592F6DE13E3D663AC6D30E968A25B2BB455B8AE20FA7AA11656C65F768B1DE3F352D59F931DB1DBD365CC7923257D5511114690444404444044440444404444044441CC36924FDA957A9D2570D7BD4568DEE6470B98E2D706B4820D88D148F6A006E2D58736F95DA7AD45E1739942C7B4667362040E66CB6387C75666BBC3631554ECB659A4196D6F38E96BDBC4FB55DF2CA9707074CE707EFCDAAD336B27693D6D23EFAFA3AE8003E3757E3AB73E46B0D3CA01206622C02BFB53E94E6B786D195950C2F2243E792E75C021C4F305542BEA2D6325C580CA5A32D81BEEDCB4E2BCE6CBD4497B8D2D6B0E7FEB8AB915687B98D31481CEE637683F3F14F4D27C1B6486E3F495416E52585B6B06E4000EEB77AC796574B23A479199DA9B05682F576B4AD7DE21E26F6B75962BEA32E231D3DF57465CB2AEB4D54E2DDA9A11F5A9DE3C56E179C76DFD5FB7AC95DA23F4AAFB9178BD522349FA3E1FB6A53FC83E2D5D1173DE8F3FED79FF00F2E7FA9ABA12C1D77CF2D9D17C502222A6B6222202222022220222202222022220E51B58E0712AAD402267E96D4EA546A8ADE4F4F989B646DEDDCB7DB5872E2F55DB3C9E2B4145F3380FF2DBE0B6787F49666BFC33BE400BDDC4D8E80F1F62B8DEA08CB770B5F5E7AFE5658DC15C6EE5A1E9FF00543D401AAA92CBDB5C81A5CEEBAECCC5637972B1369DA166A6A1B030B9DBF95D68A5DA0A670707B24A8903BCD6B5C591DBE3EBBAC6DABC5F33FF0046D21B442CE99FC5E4EA0776E5A9A58F2B735AE7801C561EA3577C93B47B43670696B8E379F796E062A0C6E77E8EA46B43801164D0837B9EFD02BF4F8F52B5AEF93929641B9B98BE33EAE1EA5B58A876760C27C86B0B5D5AFB7595818498E43B807F00396EE6A21574CE617C7258C91B8B1C46E2471F5EF55E2F7A4EF12B16A56D1B4C2714950DA9883DB6D791B83DC55F50CD98C58D2548A1A824D34CEB379B1E7711DEA6677DAE1DA0371B88E6B6349AAE6C7A6DD593AAD372FF002AF44ABA3C1FB56A0FF23FCC17415CFF00A3B1FB4AABF047F505D01666BBE795ED1FC302222A8B4222202222022220222202222022220E47B6803311A87122E6692C3D6547E8BE6707E1B7C16EF6FE52CAF95B71AD449A5BBD696885E8A9FF0009BE0B6F87F6CB2F5FE190372A9AA96855B77AD1672B5A9C56A8890C41D66347CA1E4DB173BFE11EF5B6517C69F922C564BEEB81EBC8CF0715435F79AE3DBED7B43589C9BFD22FD6BEAAA9F349E9C8E2E36E656DA9AC1F0DC69D603ECD7E0B4F4BAB815B784D9D09E52347B4DBE2B161AE9853D244FC26B9EFBB8B65974E762545AB58F6545A41E73A08DCE3CDD6B1F00A531C86970FAEEB256992795CF8A30466B3B779BFEEA358BCAF75718E42E05B0B3302750EB58DFB745EAC3435432C9A1B76A9BE0D5EF9DD17596CB3460B2DC09B923D4E0E508ABF4948767DF7A4C3DD7F4672CF55EFFE75EB05E69922611E5AC5A9312EB9D1D8FDA157F823C54F940FA3CF9F55FE10F153C526B7E7945A3F86044455164444404444044440444404444044441C87A468D8D15935FCE6CCE3DDA9FCD68A83E634FF0084DF05BEE909A5E3106DAFF28EF15A2A0F98D37E137C16DF0EED965EBFC2F85585485580B459CF4287638E2EA7C45BF58B8FB248FF0025320A0B8CCCF699834DB31903B4DE0BEDF0599C467F1AB4787F759A5A79033813DCB33AF95E2CC6B5A2DBC9B95819ACAE3643CD644351D9F67F10A4A8C0C4AE7B1C6265891D8B9763150F9F13AB9E2731CD91F7175810D74F0C6F8E295EC63FD3683A395974A4EE2BB3212BC9D1CDB1EC2B798138B692941FFC4970F6B07C1479CEBADB608F36602E3A4834E5E7352BDD0E5BA4BBAF47A3F5BACFC36F8A9CA83F47A3F59ADFB8CF12A70A7D67CD2AFA4F8A044455564444404444044440444404444044441CC76EA207CB34FA4F24FB54530FF98535FF00B26F829AEDA460B2ACF373943283E614C3F94DF05B3C3BA4B335FE1782A8205500B499CF573CC61D77CFDEFF00FEC2BA281B973AC4585CF98FDA3FD4565F12E9568F0FEB669EC556D6F257047CD5C6B05964B4D6B21B2A7295959179934418D94AD8E140B5CDEC90788588E6D948306C2A4EA04D56EF278CBB300E1E73869B872EF489DA49765E8F35A9AFEC6B3C5CA4389ED2E13865DB5156C320FE1C7E73BDDBBD6B886218FCF0E78292B2580CFA753002E74B6E1946AEDEAAC2B06DA0AEF9E08A918EF40CB1974AE1CFAB06C3D6E0A5D4648C9926D08B0526948ACBA257F490C04B6828AFC9D33BE03F35A3AADBAC6A6272CED88728D807BF7AC1A5D9688CE5936233CA77706341EF683E2568ABE99F4389D440D9FADA701B92EE0E735D6F3812385EF6E2A14ADC4BB518BC86EEC42A7D5210AD8DA3C4C7FDFAA7FC577E6B4C5EADBA44126A7DB0C5E122D5D3103839D7F15B8A2DBFAE6E93C8D27812C047AF8FBD73D322F0CC83B0D1EDDC65AD75553B5CD22E5D4EF048EF6F0F6ADFE1FB458562161055B03CFD079CA7DEB8141884F4CF2F825731C458DB8FA95F9B17EB2512451752E3E906BAE09EC1C107D168B89607B718861E5AD1317C63F8726ADFFA2E93B3FB6387E2F9637B841507E8B8E8EEE28248888808888205B5EDCC2A07DB2A0F462D4700E51B7C14FB6A2C7CA4117F3CD941695BFAAC3F86DF05B1C3BCB335FE15B42B8D6DD7AD6D95602D299673C02CA035ACF939C9DFBFFE20BA0A8662F4CE85F20B68ECED1DF736F10B2F88C7B565A3C3FADA11C0355911445DAAB2DDEB7949530B69D8CF2488B85AEF3BCD8DFF00DF9ACA869B0042AB86865A99045033338FB00E64F05BEA133D53896C51C7030826473490C2093A6BA9D77772BF88E231C31102ED65F4005CBDC7C4F6248C0828A8B0A6F5D2B992CEC17323FD08FBAFE27DCB2A830DC531F903A10FA7A677F15CDBC920FB2DE03B4FB16CB67B66A5C42BE138A88CD43BCF8A88B85A3B6A0BF8177670F7AEBD438751E1B4E5B95ADCA0BDEF92DF262DBEFEA5C1CE2930976CFC24E0F411F5F2375A99C17492F3D75D41FA27D817B87E215F3D5F515100793ABE56B7E37E7A5ACA498D638C9A47CD87CEEA7858CC92D4CBE634EA0DC020EBA69A5CDF40543312DA47BA334B8387C515ACEA87692497DF6FAA0FB4F3E082FE2BB44E80494F48D6995CDCA5F7F40A844D0D74323A5A67895A49261934DFC9DC16DE0A627782B3E2A00F65EE411C504669B108A693A978741503F8520B1F57357E45B0C4B0982A222CA98DA47070DED3D9C947677D4616E2D99EEA9A4DC24FA71F7F308329EF568BCAA3AD648D0F63839AEDC47155C504931B36C3BF53EC1AA0A4BCAF3376AD8B30695CD0489493C72860F7DD65D36CE3DE6F26503EF13E0420D20790B269AB2485C0B491652EA3D8A9A6833B69AF181AC8F3947A8922EB6943D1997964950D2E8C8BE58A5CA7DA494193B19B78F8DADA4C55C648868D937B99F985D3D8F6BD8D7B082D70B823885CEE93A3EA2A79733A9E6006EEB6A33807B9A05FD6A7186810411D382E2D63435A5C6E7D68339111042369082FAA1F6CE8A13463F5587EE0F0535DA1179AABEF950CA4F9B43F70782D7E1FE59BAEF0CA11B32EB9F35B75924635A4069776DC5954246816EB5FEA08E923711732380E655E89B6EA3B46CB4B12BE85B594D2B1A3E5747B3BC0598E2D24E5161C953720820D88D415E33E2E6E3D9EF065E55F7732AB84C150E6DAC2FA2DC6CFD0F96B9D24C4B2961B758F1BC9E0D1DA7DCB6D8F60AEAFAB89D470E692791B1E41A657B8DBD43B55AC41D1E1921C329CDE2A571666E323B8B8F79F758705F3F6ACD67696E44C5A3785FADAB6358191811C318F35837342C5C0E9E4AD91D89CAEEA835AE1485E34612347DBBC8EE0B535D571B8B629817B64394B1A6C48E3EE5B53B44E146DA68A960688DA191BAC74005B5D752BCBA97EC7C9360F4B3D6553185CFB9745511E6BDB73DAF6DF8F8F15EE3DB74C307935386CCE243DC18F25B9BED3B8F635BEDBA81D5E3188D6C029EA2AE4300FE136CD69EF0379ED3756226DD06D66ADAAC4A56BAAE52F0DF41BB9ACEE1B87C565D3C034D160510BBB72DDD3B34F520BB035ADB5ED65ECF50C8D961A154CAF0C6EF0B4B88D7B18430173DEE366B18DCCE71EC035282AACAA2E2466D160C349535EF2CA78EE0824BDDCBB07D25543473D5480D48D09B3606389B9E199CDDFF75BEDE0B6152F870C7BCD74A5AE1E698584079FB24EA19F745CF620F70FC270BA06752E6995CFFA30B739278DBB7B372D949D5431FCD853443FB69C1207731A2DEB2A27896D1CF333A9A38994B1EEF30589F89FEF1B7D90B4EFEB6623AD739C06ECE6F6EE1B87A904F29B1DC0A93CE9E48EA1F7B811B9C5A47225B7FEA0B2F0FE9030CA0A88A58E82CF6875DCC61D6FCF31BE8B9C08F5D492AB0C6F241D6AA3A4EC3EAE9A3A78C1A76977CA89622F0E6F2D2F65BAC35DB3B8CC463C1B157524F6BB44751723FBA4DC2E19942A997638169B106E0F1083BD43518E60537ED07F9750122D30F3B4EFE07BF4522A7A864CE86484DE296E3B4387FA2B8BECCEDC6258701055BCD5D21D1CD93575BD7BFD7ED0BA76CF625435A193503C3612ECEF8DC7F7678A09603700A2C78E632C6D92389C58E01CD3702E0A2089E3AEBD454B4F07B941E17B63A363DE6CD6C61C4F2165D236AF067D444FACA207AD68F948C7D31CC76AE6D4E03E9220E00B5D18041E3A2D6E1F3BEFB33B5D1D375A8ABA69C38D3E1F512345BCEBB00D4023E97220AF1F5954D2F1E4B1B4B181E73CFC0E6DD6075F34E8A97D0500B9922079E7909F12A98A9F0D73ED0C14CF7F26B1AE2AE4F33CCC2189D3F8ACCA8FD23216DDF53864370080EA8CC6C6DC0779F6772B6EC4272D7F53574F2C8DF4638E99E43CF001D7F55D6DE1A0AA75853E1956473651BEDEDCAB363C0B1B97F7785551FBD959FD4428E6D11DD91EA26B3DB897305637AD7CF20F41B959F7CE9E1751ADACC29EF9A4A9A7399F1BB2C9171CBF448FF5C94C618A7C169C438CD2755D7095D002F69CCFCA05896923FDEFC0A86E27552D1628E7990DE46B4B803E8E96B2CAD5E48BE5998E8BDA6A4D31C44A15187E774B3B4B6576995C3560E4AE872DF5753D3629694646BC6999AEB11ECFC8AB106CFB6EC7F9475CCFA4C6D4C61DEF008F62AC9DAB0EE6AFC320056C6B700321230E8AA2337B012554120FF2AB2FD9CAEA3114B5B2C6D693FBB756440BBBC3097041954B2C6D19DEE0D038B8D82CB7E32C8806D3C334EF2DCCD114648B73CC7CD037EB75A0C59D855138793D33267BEFE73E532653C3D2DCB05D8C3A7FDF37AD70F40CCE2F0DEE6EE1EC41B87D7D5D739C1CF6C0C03D188891DEB77A23D44ACEC2A920653CB27A5B83DE1C72BBEFBFD2776346F3B82D2D2CAF95ED74C5EF25BE88B0B0F00157538D1F3453FC9C4C3F26D638836FB2780E6EDE785B7A0DBE2189CB86B4C54EE114B621D29167347D5D3D1FBADD7991B945A495D33BCCBD80B6676FB767003B07AEEA87C92D5499E575F869B80E4070570580B008296B0346835E6AABAF094BA0F57A0AA52E82A5E82A905542E4D86F419745ABEC14E761F0F9310C56389AE7361DD2E5360E1C5A798ECEEED50DC3A22E2D0D36077B86F3DDF9AEBDB0946DA685AD8DB67BADEA0827E0002C0222F50169E4D98C1259DF34B86C0F7BCDDD9C5C13DC745B845D8998E8E4C44F560D3E0D85D2FCDB0DA38BF0E06B7C02CD0D0D166800720BD45CDDDD844500DB8E91E930563E9B0C7B26AADCE937B587B3EB1F70EDDC836DD235352D4ECF3FCA268E27C4E0F88B9F9493F67B7BB92E233E23853E80C33C92475DD601D6362BE82E2E4682C743A6BD8B7B4BB2FB59B611BB15C4A77D2523C5C493926491BD8DE5EC1C828FE3DB37160D3E68A59666D8825E06F40A4A096A85A81F0D63C5C86C128EB3FF0063ACE3EA0579350E2B38EA9F4788111EAF68A77DD87B74E563EB5A631B4F00B61438C62987C85F458955C2E22C724CEB11DD7B20CAC32070C429692A7AF6C2F94668E405A5DD9AAD6E2CFF0023AB9228DA5AF6BC80EEC0B7636E768BABEADF5ED91BF6E0613EDB2C3971E74E49A8C2B0B95C6F773A17827D8F0822F54EA899C0963883ADC0D15EA1A0A9943E47DA385BE9C8F366B3BCF801A95BDFD2B0E5B1C170CECB3AA05BD92AD75754D456399D7641147FBB86219591F70E7DA492828A8AC063F26A6CC29C68E2EF4A63CDDC8726FB6FC31F571D6E55C6B5A381F62AEF18D6E020B8D01AD012EAD99E3FED19ED5E75AC3B9EDF6A0ACEF4055370771F62660DE7E082BBA2F6086A2A0814F0BDE4FD56DFDEA43856C2E3B8916914C6361E2F1FE8208E837DDAF82CAA3A69AA9E1B044E94F60F342EA382F44AD696BF129B39E475539C2F64B0BC3DA0470B5C471210735D96D90AA95CC9666927B4681757C1B0B661F081BDF6DEB611C51C62CC6801568088882C4D3F542F909EE2B4B5FB5D43875CD5415200E2D683F15BF731AEF4802B5F5D8161B5ED2DA9A7CC0EFB388F02823ADE9476509B3EB668C8DE1D4EFF00805ECBD28EC9C6DBB6BA490F26C0FBFBC2B355D166CB4D217986A98E3BF24C7E20AC76F453B34D3E6D2D649F8953947B85D047F1FE9227DA077E8CD9BA1A991D2F9B63A1777DB87AC76ADC6C5F475052CECC53690C7575FE9474E358A1F57D23EE1DBBD4AB04D94C3706665A2A68A0077F560971EF7389256F58C6B059A2C82DCE1EF89CD8DBA916D541F1CD8B9EB9B23DCF05CEE197453E441F3C633B038A5239CFA789C5BF6750A2F5587E2348E226A5934E42EBEAC7C4C7FA4C07D4B12A308A2A8044B031C0FD668283E5274AE61B3DAE69ED164150DE6BE98A9D8CC16A2F9E8E2D7936CB5937469804B7FD55A3B8A0F9EFCA19CD0CCCE6BBD3BA29C04EE82DEB1F9237A29C041D60B8EF1F920E09D7B79846CF73E6827B85D7D0B0F46980456B52316CE9B62B05A7B64A38B4FB283E6F869ABA720434933AFF006085B9A0D8DDA2AE23ABA27301E2E5F45D3E0F414F6EAA9636DB934059AD8D8CF45A077041C430CE88B139ECEAEA9118E20298615D1460B4643AA734EE1CD741441ABA0D9FC2F0F005351C4D238DAE56CDAD6B459A001D8BD4404444044440444404444044440444404444044440444404444044440444404444044440444404444044441FFFD9,'Mouse',1,39.90,7,10)
insert into  Produto (id,imagem,descricao,id_categoria,preco,id_marca,qtd_estoque) values (10,0xFFD8FFE000104A46494600010100000100010000FFDB008400090607131212151312131516121719161818181819171816171D1E1818171D181A181B1D2820181A251B171622312125292B2E2E2E171F3338332D37292D2E2B010A0A0A0E0D0E1B10101B3025202631332F302F2F2D2D312F2F322D2D2F2F2B2D302D2B322F2D2D32302B2D2D2D2B2E2D2D2D2B2B2D2B2D2D2D2D2B2D2D2D2D2DFFC000110800E100E103012200021101031101FFC4001C0001000202030100000000000000000000000405030702060801FFC40048100001030203050505050505050900000001000203041112213105134151610622718191071432A1B123425272C16282D1E1F016334392F115245373C20817346383B2B3C3D2FFC400190101010101010100000000000000000000000102030405FFC4002E1100020201030302040505000000000000000102112103123122415161710413A1F0528191B1C114324262E1FFDA000C03010002110311003F00DE28888022220088880222200888802222008888022220088880222200888802C73C81A0B8E801256451769C45D13DAD1725A400AC526F273D594A3A727156D274533AA6B6518E01135A7E1C7724F5C975FDBF5FB7296292A0FB8BA185A647B7ED3139ADEF103912015DCA18A46D386B45A50C000CB236F450BB47412D46CDA887FC7929E4601966F2C200CB2CCD9759C96692A3C7F0B09ADAA6E4DB56EF8BF1E9EC4FD83B4C55534350D696B658D92069D46200D8FAA9EB5B7B3AEDE50B2820827A8653CF0304324731DDB8399DDFBDADEDE5A15DC36676AE86A2411415504B210486B1ED7388199C815C4FA05CA2220088880222200888802222008888022220088880222200888802AEDABB729E99D13679446E99F823BDFBCECB2B8196A35E6AC5755EDC7647FDA060BBC31B16FF0085CE27C263639A78163CB5DFBA809FFDACA2DEBE1DFB77AC92385CDB3B2924243197B5AE4823CB3523FDBF4DBEDC6F46FB1EEB059D7C7BBDF61BDADFDDF7974983D9A48C18DB50CF78C54B397B98489278A69A77BE400825AF3291604100053BFB1953BDF7BF7887DF3DE7DE2DBA7EE2DEEFEED82DBCC77C39E2BEBC1017D51DAFA364DB874AE135ED8775313A8048219622E4660DB352A836FD34D26EA2943A4B48EC203B48E4DCBCE63849DD50297634EEAA82AA79222F8E19E273636BC34E37C6E0462248B08F3F154D41D8CA9A69593D3CF09940AA6384B1BDCC2C9AA3DE05B0BC10E69B0E20F440761DAFDABA3A57164D306BDADC4E01AF796373B39F81A700C8EB6D163A9ED850B1F81F50D07B809B3F034BC02D0F7E1C2C2439B9388D42A1DA5D86A89CD6BDD58E8DD57146C73226B0445CD8774EC6246B9E584DEC1AE69B1D6F9AC5B43B0B52E90BA1A88A12773F6AC13365181AC69C4C6C9BA9EF8322F6E40DB3B202CF698D915152639A1A79AA7108DC4C1BC21DC18F9030869CC64E395D71ECE0D8FBF1EE3153898630D9228486E408761983301E232728BB2FB1B51055C9309632C92A259AD8EA9A435E736EEDB2885CE038961F92EC5D91D8E68E8E0A67383DD13034B80B0399CC0280B84444011110044440111100444401111004444011110044440111100444401111004444011110044440111100444401162ABA9644C749238358C05CE71C834017249E4005D5B67FB4CD97348636D535A6F60646BE363BC1EF001F54076E454BB4BB5B434FFDF55C0C3F84C8D2EF268373E8BAB6D1F6C7B363BEECCD311F823207AC98501B0D1695AFF6E6FBFD8510039C92E7FE56B7F556FB33DB6D239877F04D1C8064D66191AF3C9AEB823F7801D501B4D16B03ED921B5DB4751FBD801F912B149ED91BF7691DFBD25BD6D194A259B5116A17FB667F0A460F195C7FFAC5D47FFBE598DED0443C719FD42B42CDB7B4F69454F1996791B1C635738D8780E67A0CD5251F6EE8A4D64732FA6F18F65C73CC777F7AC7A2D29DA9ED7CDB4248DD2BF0363070323043311D5CE0E271388B0D721A5AE6F4F0D6B81B093BBD4643F80F0B78A50B3D1BFDAFA0E3594E3C6460FA959A3ED3513BE1ABA63E13467FEA5E71ADAD6816731B7FEB3EAAA5F5CCBDF7119D7865ADF45D3647F11C7E6EA7E0FAA3D411F6B285D2885B594E653A344AC249E5AEBD15D05E40AAAA6BDB8442C6F51AAD89D8DF6AB251D3474EF804A23C403CCA43C82E2E02D80E401B0CF40162492787674849B5D4A8DF68B55C3EDB29F2C74D30D3E1746EFA96AB5A7F6BDB39D93B7CCFCD1DFF00F692B26CEFE8BA437DAB6CCC41BBE7DADF16EA4C23A1CAFF002B2EC5B2BB494953FF0087A98643F85AF6970F16DEE3CC202D51628AA18E2E0D735C5A6CE00825A75B10343D0ACA80222200888802222029BB59DA48767D399E726D7C2C6B7373DC4121ADEB91373900095A136D7B49DA53CA6564EE81B7EEC51E1C2D1C012E6DDE7993E4068B66FB76A0DE6CF6CBC619A37793AF11F9BDA7C968F861B8B2A911B39ED3DBF5950EBD4544B2FECB9E706BFF000DB668F459E2AA8859B3D2B5C0F16B8B1DF4FD5533C6177CFF00AF3536BB68891ADBE2C438D9A07D569553B32DCAD57064AF8692C4C2D9A33C9C58E67864011F35069294C86CDF1525CDC4CCB928D4357BB762CFA8BDAFD1455792BBAC1CDF1C6D3638C91ADACDFD0AB29E18E265DD0EB966E75FCF92AAACA8DE3CB836D7E17BFCECA43ABDC6231165EFF78DC91C725555323BB44EA1A712B0BC35C2D7CB78F37B70F9858B6631B338801C32BDF1B89B5EC3251B6754CB11BB584F421D65C21DEB5F8C333B936B103337B6BA2B71C12A5925D531B19370EEE9FC6EF55C767304CEC36206B7C6E27E67359B7CF971195A0139642C2D655E29646385AD91C8DC28AAF2569D60954D16294C6EBB6C483DE371636E2735C4539DF188E56363771196B7173C466B055B652FC7264E3637361C2C34E8BED7325710F94E640B1395C0D2D619A5AF01A7E49781DBDDC9360D3A939DB2B104EB70A2D69746E2D37B83FD1F4CD70AB8E421AF90E4459A4F10380CB85D7DA863F0B5D212438775DAE9C3C92F029D991D09DD6304137CC03A0D01235D7EA9534587010E043B2241EEB4F2BF0CB3F22A3C903D8013701E2E2C7E217E9E592E52D248D22337BBB0B801720DF206DCF50AE3C129F9330A3EFE12F01B6B871391E02C7C7E8B0D353973F01706117BDCD865D563A884B1D81D7B8CB98E797437057C91A7EF5C3B8DEF7F9A96BC169F9331A621A4970B836C37CF9DC7316CD667D10B8189AECB1621981617E19820051A1A4739AE78BD9A35FAFA0CD668295ED2CB0CDDA5C8B7CCDB45A4BD0C49FF00B16FD9FDB75344E7494F3E1C59B87DA16BB3B627370D9C6E752B617B37F68933AA4D3D74A246CAEB32423098E43A464610303B872361C72D5308388C61AC6B85F5B91E588919E5EAB1191C72EE8272D1A0EA388171A7C956A3448B9D9EBE08B56FB2DF68EEAA7B28EA80DEE0B472DF394B4778385B27E1CF2D70B8E5A2DA4B89DC22220088880EA9ED23BD44F8AD94A1CD3D2C0BC5BADDA179E298D8AF4A76C60C74FE0E1F3059FF0052F3AD4C186578E4E3E8731F22177DABE5292F27916A3FEA2507C526BF920D6C2D049769E7C7FA2BE6CD81B2122CD195C64A7ED2A6C4CEB6FE63E8AA76654398EC4D6E2B70BDB55CFBE4F4BE3073927C3DD02CEE7C3D15AFBB8DC891A2E753C8A873ECE9A6763C2C6DF3F892A2A2681983B984DF300923D55E3927B1F363CF8E501FA1BE5D7805CB6FB0C6F01B9348B8D6F7E57F459364EC73234CA25C2E0740D073F1392865EF9650D9DEE367613A0B70B8CAC9D92A27F93765D3A10FA5C718EF86DC9B6796A3E4A2F64E5697963B3C405AFE847EABE7687676E1ADDDBE4DD92438171D7C065CD73D91B2629A0759BF6DDE17B9C88D32BDACB59DDC7062D6D59E7B90D8E105510E38835E45EF7C8E872E232C973ED2399BE6C8C7B5D89A0900DF0B878697FE2BE7665B1EF70C8C6BB2B00E00E60E99E997D1368D28A6AA22DDCB87B465F09D4791B8F2533B51AC6E7EC65ED055C334713DAF1BC176B9BC709CFE47EABE6D0DA11C94CD6BC16CCC20B0612010406BB3B58036BF8859FB571371453B4B6EF1670045EE336BADF2F209B72AE29A9E3931B77CC36C17EF169D4791CEE7AF346DE424B0439EAAF4C19246F06E0C4EB6448C89CF8613636BF029354BBDD431F19B120C4FB8B5DBADF3FC26D6F0E4B2BABE3929774EB89585A63B071B9191F004703C5611578607D3CAC787DDAE8F2B169BDC137E162478151BE7212E307CAB99FEEF187B0589EE381D00162D23991E1A2E35EF90470E36B742E63C137B657690788C9DE6B9D4D548D8CD3CB1E7DC2C248EE0BE46E2F71A85F2ACCA2D4F26139B0B5D726C08B0C3CC5B2F246CA97A1C768C2F32318F2DB90C01E06A09363E209238285570BA3796B8DC836BF3E47C08B1F353E78A42F6D3C8E680C2407DB81008CC9170401E890C2E9652C9892E682D032172DBD85F8EB707AF251E782AC7256C2E21C309B6791E5C33E8A6FB9B5AEB1906EC8BDEF71702C402066413D322A3543AE70D80B0CAC2D7EA7AAC419D52D214DFA1266A7686E6FBC80905B9FC2391D08E23A2E2638FBA71647519DDBCBA10B1363B2CD09600710BFD4F044D069D7273A2AADD39B24323E399A480E65C16DC61C4D70CC64483CC12BD23ECEBB5836852873AC2A23B32668E0EB64F03F0B8663CC705E688E5395982E0DF4B93A64471F457DD8AED1C94154DA90D3BB21CD918DD2466B845CDB134E609395BC51ABE0275C9EA44513656D18EA618E785D8A391A1CD3D0FD08D08E04296B06C22220206DC65E093A36FE9DEFD1682ED6D1EEEA2E064E07D5AE733E81ABD11511E26B9BCC11EA2CBCEDDB9ACDEC915345DE9F475B8626B096F4370E27905E8D3CE9491E1D6E9F8884BD19D766ACC4E163DD69B78F32A1002398839379F0B1CC7E8A6D65136320460960BB1D2FDC7CADEF3837A006DE4A2ED68EED8E4E8587C469F2BAE528B4E99EA849495A2EE9F6BC0D6D8C82DD038FE8A06D5AB8E5616C6D91DA10709B0B71275D2EAE36406B980B5AD0480740AC8C6EE3C975A94E16E5C76395C613A51E7BAFE4EA1B0F6C086E0B0BEFA0040CC2FBB4767CE4BAA0C618D22F6C409CB8E5C720BE6DDA70C735ED02D7C26D6032CC69D3E8AF28F6AC26001F2B41008B1D4F90CF87CD7359C367578CA5CF2574153356B4424C4C6817BE1762363CEFAE5D142A9135248636C845C5F10033F5D343F258F64556EA6BB039CD04FC20936F0F452B6E6D16D4B98D8A370734D862B03E16BF4E27828EABD4B9BF433566C50D83DE229247482CF75C8D0EA4585EF9DF5E0573D834115435FBCC4E9340E2E7122E0906D7496AEA6961113E36617DC024E2B0E591B68561D91B3261119A29407006CD02E4DB3B5CE57F55717844EAACB236C48DB1D46195AD3625A4385C621A6BCD48DAF4C29AAC1B7D99224681C8EAD1E06FE8163D894CCA894BA67BF11EF5DA4027872E1969D162969B05560989780E02EE27369D0DFCC2258580F97925769DCC2F8E7639B89E3BC011705B6B3881A5C65E4B1EDBAF8A66C5234FDA8EEB9B6BF775049B58D8FD57DED050B6291AF63408DE0100681C351E047D567ED13592471CEC23F01D0123506DCC1BFC91DE426B1EC45DB15FBC6458A373266DF8616E0272B5F3F8B4F35C36C5448E11B658F0C80138AE3BCD71CB21D47D566DA75D14D030DF0CAC3870E649691639F2E22EB056ED36CB131AE077CC39116B1691983E26CAC9F392457183EED31299236C9843835A03DB7B904EA49B686E386AA3ED4DE36425CEBB861B380B5C5BBAEF4FA2F953B41CF8DAD70B969243B8D88CC7D0F92E13CF2485AD7589B58733738B5E39ACB68D24CC7BB2E6BA42E06C6C413DECF3BDB95EEBE439A474CE710D68B937CB4396A3C57D823248B103F31B0B8E095C0BABB67273B3034078EAB256C181F91BB781FEBFAB10B063B903FAF5E0A47BBB7BDDE16B5DB7D0E7CF9F0F23D11643C1C3DE9D84580EE9BE2FBDEBC931482CC24B4388781C09398392C6F70005AF71ADF8DEF9792C65C4DAE4E5A67A78724B26DF06D5F645DAC34D51EE1300D8A5368F3BEEE5D70EA4617DC74BDB995BCD78EA12E0E180B83EF961B875F5CAD9DF8AF4BFB33ED67FB46903DD6DFC643250389B5C3C7470CFC6E382CB36B0A8EDC888A1489B5DF2082530806611BCC60E85F84E11EB65E5CD9F524C81C1F80CC30BE4766E6071BB8DFF16A3C4AF572F377B47D83EE9B4268DA2D1CBF6F172B3C9C6D1F964C5972216A12A7663522A4A991F6CB5AE858F00C71B7BB4B08CCE069FB49A4FDA79E3C7C02AA11638A56710318F2D7D42BBA47EF1B8B10DE482CE3F7628C645B6EB6FEAEAA6076EE41CAF84F81CBE85A577D68A54D773CDF0F36EE2FB7DFDF9E4C5D9B82497135B3BA30DB6405EF7BE87869F35D80766DAEFEF279DFD0BF2F45D6367D47BAD43B15F0F79A6DADB51FA2BCFED6B3EEC7238F90FD4AE2A8F532D28F62D3612C0C25B70EB38939DB5D542ED36C78FDDDC638DAD733BDDD680481F1036D72CFC940A9ED64ADCDB006DF8B8937F9058EA2A6B246DDF2B23638741704799D3AAD49C6FA4CC1492EAE495D91AB25AE8C743FA1FA7CD556DE87735248C83ACF1D0FFA8F9AC151B39F147BD8E5045C35D809045F9D8F82B7D9FD9E8E463642E24380399CFCFAA96DA485536ECE5B6F68412D358C80C9939A06641E5969C479AAED85B6C4370E6B9C351840C8919F92CDB7365B200C963189A1C0381CC1E5FA8F30AFA18A1C21CD02C4023CF355B96E77C9128ED497075181F2365324719031121A7417E1C3259F68327A87E37B5A0DAD90B65AF9EABB34B2B0700A1CF5CD0B346ACA5968667801EF240D01390F25C5BB200D4A992ED8C3A5BC6C09F9AAE9F6A39DC4D96DA825CFD0C27A8DF14BDFFE1CDF4AC6A8D3E1B59613339DD57D6D33CF0F5C9733A999950DC2496DC91ADED63A13F42B8415AE634869B5FA03979F9FAAE32D2B9BAA8EAEE64DAB24896A897B9E3BAE2EC42D958F1B2C37BDF8DF35C57389A4E9FE8B392E1645B240D52191019907CC59BF3B157149B1EAA5761A78732D2E00BA163CB7F160716BB0F882B6A0CC3D44508629BB4A0646226B477CC61D278B892D03959983CC95F71C9871BA47E56BB45C11ADAFC068A589E27B1C5FF166EEE8C9B9580713605C6D90D38745D23A69A6AFF5394F55A69D5FB1DD3D83D207D4D5B88BE18037FCEE3FFE0AB7FF00B3D6CF7B1B592969DD3B70C638FDEC1BDC56E76C6DF5517D8CED3A5A7A896232012D408832F6B12CDE12DE98B15C785B905B9E969991B03236B58C68B06B45801C800B94E2E2E99DA1353568CA888B06C2D75EDAF626F68DB54C179295D88F3313ACD9079775FF00B856C558AA606C8C731E0163816B81D0822C47A14079936249F147C0F7875E63C330536DD36121DC08B798FE447F9563DA144EA1AB92175CBA9E4C3D5CC39B0FEF46E1E6A7769AB584363658E8F2795C6407520DFD39AE8E4DA39A8A4DB4506DE1731CA3EF36C7F337FAF92ECD44C8CB1AE6B477802BAF4D1EF2078E2CB3C78687F55CF656D30D88349D09F4D51349E44936B05BF68221240E000BB7BC3CB5F95D576C89C3A366318830399CED721C0DB9585BC82C736DB6E6355514756E65C333BF04725BAD12317B6A4CEC52319217E066063985A74B13C3A1CF3F2EAB0767B696188B1C7E139781CFEB750036A64E040E67BBF5CD22D8E7EF4AD1E1DE3FA24A4DBB2C60A31DBD89FB536A31F1B99CC7CF51F355B06D673581BCB2FE0ACE8762C24869C6F71360336827E5F5521E6181C5BB82D78D7134023D4DD1A93EA6138AE9451B6A2693E06B8F80247AE81656EC99DDF159BE27F85D59C9B5CF060F33FC9469769C87F08F23FA950D598D9B0C0F89E4F80B7D6EB28D9F1B746DFC73FAA86FAB79FBC7CAC159ED2A36B21809C46591A5EFB936009EE0B7E5CFCD551B5665CE9A5E48B2380E43D02F94443A4681C4FD013FA288F68E4B250D5085ED90B49603849D05C8395F4BDAE6DC6CB268B0AEA554553059764AADAD03AC1AE249D0069BF82A79E66BAE6CEC3ADF2075B65ADD5AB175C9021A773B406C3327801C493A01E2ADE93676F8B23898E7C8E2431B1877786A492E005C5C5C8EE816B90B8D2BDCEB470C64C8F706C6C367BAFA97662C08B7CC9E0AFF006576964D9E7DDE8E38E6AB7BAD2CE5AE7973B4DD442E0B9ADB7C4753736B58AD25461BB3B28F65F3454AE7B5CD7D65BB8D27ECE2B917C24EAF02F671E365D6A3A376CA93ED240EDA12B6DDD25FBA6122E493AB9D6C89E5975D893F6EDB4B48EF7B9A07D7B01C50C640388FC2C2013A023111A58AD3950E9657CB5133C999C1B23CE81A2420372BFE1370DE030F82E8A59C9C650B8BFBFB471924B178B002FDEB975C870CB9E799F3B7252666EF2286082ED830896471F8A496E5AE2EE8CB16B5BE2ED5CAA1CEB3309CEF6B5B8004FADC9392CB4DB470330345CDCE79D85DA067CEC40365994AF06F4E2E3927D6E0EE088063E3B58B2F889D6EE7124E2F3B0E002DF7ECD3B5E3685390FCAA22C2D9065DEBDF0C83A1B1F30579C60613CF3D49B927A92B667B17BB3681683DD7412877EEBE3B1F1CC8F35C99DD1BCD11164A111101A83DB96C2B3A1AD68D7EC25F9BA371F3C42FD42D5072C97A8BB4FB1DB594B353BBFC46900FE170CDAEF27007C979876951CB04862A88DD1CADD4387CC730798B8551199367C985E2F982083E165C06C560D5E48E800FE2B853713E4A6B255A3263829601A00E3D4E2FE4A7169601DDC2D7662C058DB2C88C8D9569A5064C438EA3AAED7B269039B81C2EC3A83A788E47A8CD014ED9059617B958EDCD852D38C601743F8B8B7A3FF8E9E0A90CA8524E35F64AF2461906F1BC01D47E576A3C34508CAB1BDCB519CA3C1CE7A719AEA26B68637E6C99AD1C5AFB878F203BDE4B98A5A767C46490F4B31BF3BB95687DB8AE227B90D682E71C835A0927A0033256FE647B451CFE4C9E1CDD7E5FBF25D45B5847FDCC3130FE2B627F939DFC140AFAF7487148EB9B5AF97F5FE8BB26C1F66BB46AACE73053467EF4B93ADD231DEF27615B23607B26A282CE9F154C9FF99947E518C88FCC4AC4B5652C3674868C20ED2CFD4D59D87EC5CDB4A4B8BB299A6CF96DEAD67E277C871E477FECDECFD3414E29A3899B8B58B1C0383F997DFE227995614F036368631AD6B00B06B400D03900320B22E4762876F6C16BA8AA20A56B217C913DAD31B43332321DD0323A1F15E5E7349706341C590B1F8B16841EB7BAF5FAF375553EE36AD6432018CCB23987F65CE328B78B1C0F910BAE8C77CD46EACF3FC4EA3D3D3734AE8ED1D97EC88A689C6477FBCBDA5A5E3FC307EEB2FCB5BF12BA954C90ECE91F153485F56E184CD85B681BC5AD17B63B0CCF0F92B8ED9F6E3034414E4193080F7FE0C85DA0FE2EBC3C74E80C04B0D9A017F5EF117B9249CED716EB9AEF3693DABB1E6D2536B7CB86718E38CEBBC712EB0B118A4275D412DB9B679EBA1E163B526FB49C96B5AEDD451168CDB8BECB17F977787C5A0F02ABB10635C1B62EC9B7E39DEE5BC86405FA9E8A3C92171BB8DCF13C7F995E76E8F646D9C1E49E3D2FFC165A78780C82E11E799C82B5D8F413D4C822A689CF7F268B91D493DD60EAE2B074111C390F8BE9D4FE8B6FFB1AD81234BEADED2D6166EE3BEAF05C1CE701F87B8D00F1CFCF9F60BD95360FB6AFC324B7BB621DE899C8B89FEF1DC73C875D56D001429F51110044440154F687B394D5D1EEEA620F1F75DA3D879B5C3369F91E3756C880F3EF6C3D975551DE5A6C55100CFBA3ED983F6983E31D5BE8355D263AB1C725EB85D4F6FF00B3BA0AC937B2C38643F118C9663EAF03227AEBD55B251E7435A0660E6B60764AAD93461F7008367026D63E7C33BAD854DECAB65333F762E3FB52CC7E58EDF25670761766B331434D7E6636B8FAB8156C51D7E9B6852B05A59E068E38E48C0F3B95D13B5DD99A370336CDAA81E732EA76C81F7FF94E69363FB072E4468B7853EC8A78FE082267E56307D02981A069929628F2B53EC3AE93E0A2AA3FFA3281EA5AAD68FB01B56570028DCC07EF48F8DAD1D4F7B17A0257A5512C51A8F61FB166E4EADA82F3FF000E1EEB7C0BCE67C8356C6D85D9AA4A36DA9A0647CDC05DE7F33CDDCEF32AD91428444401111014FDA2A2AB91A0D1D4361901CF1B048C70E441CC788CD6B7ED0FB2FDA35D502A27AAA56C966B0BA38E46F75B8ACEB5F37676D465E0B702203CDDDACEC29D98F0FAA91B2D348E2C8DCD2FDEDED8817370E1190B7C47A2A414744FF86A1CD3FB63F880BD475D4114CDC1346C919AE17B43878D885D72B3D9B6CB935A289BFF002F145FFC642EB0D549538A679F5741C9DC66D7B71FA3479EEA762B1ADC42A62C03537FE66E5762ECA7B2FABAD6873BFDDE0398924692E7FE58EE091D490395D6E2D83ECE7675249BC8A9C19350E91CE90B3F2E3270F8EBD576C52728CBFB551BD284E2BAE5BBF24BF634C6C9F6141B2DEA2B31C23831981EEE972E7068F0B9F05B5F62EC5A7A488454D136360E0DD49E6E71CDCEEA492AC11733A8444401111004444011110044440111100444401111004444011110044440111100444401111004444011110044440111100444401111004444011110044440111100444401111004444011110044440111100444401111004444011110044440111100444401111004444011110044440111100444401111004444011110044440111100444401111004444011110044440111100444401111004444011110044440111100444407C444407FFFD9,'Teclado',1,29.90,7,10)
insert into  Produto (id,imagem,descricao,id_categoria,preco,id_marca,qtd_estoque) values (11,0xFFD8FFE000104A46494600010100000100010000FFDB008400090607101310151212121616151517171818181818171818181B151717181618181A181F28201D1A271D1717213121282A2B2E2E2E171F3338332D37282D2E2B010A0A0A0E0D0E1B10101B2D252025322D2B2D2D2F2E2B2D2F2D2B352D2F302D2F2D302B2D2D2D2D2B2E2D2D2B2D2D2D2D2D2F2D2D2F2D2D2D2D2D2D2D2D372D2DFFC000110800E100E103012200021101031101FFC4001C0001000202030100000000000000000000000506040701020308FFC4004910000201020304070405060D040300000001020300110412210506314107132251617181324291A1142372B1C133526292B3D12434436364738283A2B2C2F0F1151653E125A3D2FFC4001A010100030101010000000000000000000000010203050406FFC4002C1101000202000503030305010000000000000102031104122131410513512261813291A1335271B1F014FFDA000C03010002110311003F00DE34A52814A52814A52838AE694A05715CD2814AE09A80DADBEDB330D7136321523DD0C19BF556E682C14AD57B5BA72D9D1DC4114D31EFB08D3E2DDAFF000D53B6A74EB8F7D2082184779CD2B7A7B23E541F425EB0769EDAC2E1C5F113C510FD3755FBCD7CE18CDA9BC58B2C249E75014315CC20163C3B29627D79545B6E891669A7F68DAE88CE2FCC33358AB775C6BAD06F4DA3D2FEC689B2899A5F18A36603C6E6C0FA5EA57647487B2711611E3220C782C87AB6F2B3DB5AD098DD8F81C3B15314A5811DA9CE4436B100766CC0F3246A38723511B5E6C035CAA2A1201FAB2DCB95BD9B9FC05526F113A566D10FAE1240C2EA41078106E3E22BB0AF8EB09BC2F876FE0AD245C354792324F3CC158DEACBB23A60DB31686559C774A809F2CC994FCEAD13B4C3EA1A569DDDBE9B4CB2C716230454C8E881E390117760A2E8C0102E7BCD6E2A9494A52814A52814A52838A5734A05295C50734A8BDABBC583C30FAFC4C51783BA83F0BDEA9BB5BA67D9315C46D2CE7F9B4B0FD690A8B795E836352B43ED6E9EA737186C1A27734AE5CF9E550A3D2F54CDAFD296D79EE1B16D183CA1023F9AF6BE741F5262B171C6B9A47545EF660A3E26AA5B57A52D8F071C5AC87BA1064BFAA8CBF3AF9E717BB9B4E4FAD9E1989201BCB9D9CAB1B5C29BBDB9F0E46BCB78B75315838E29650AD14C3B12464321D2F6BF10DA1D08E5E760DB5B57A7A846986C1BBF8CAEB18F3CAB989F88AA6ED6E99F6B4B708D1403F9B4BB7EB497FB8555B63B6CBC87E91D787BB7B21596C6F6B588398788A91C5EF3E023FE2583B32E4CB24D94EA05989417D78D8E7E674A8F223E7C6ED4C7921A4C4E2385C1666517D4697CA2B220DC8C671995608F4264919420BF795BD8EBCEC3C6B1768EF962A40557AB8035B30817ABCD6219731B926C45C1E3AF1A8B9F1D899BDB925938FB4EEDC6D7E27C07C2ADD08FBACD88D81B3A16EDED18E4CA0DF2A9756D3B20754C79E9C4D42BE3F0FA8EAAE081A58020EB7ED0D6B05367C9CC01E67F757B26CFEF3F0AA5AB132DF17117C71A8D7E621D70DB5E789AF0C8E805F2ADF328BF1EC9D0FC2B2311BC38B9001982DAFAA2AA937E20B017235BDAF6BEBC6BBC78141EEDFCF5AB7EEA6E0E2F1966441143FF0095C100FD85E2FF0021E3566333B6BF5C3C8DC7969AEBA0E03CAB213661E67F0ADF98AE8DF6643852249191945DB10EE16DA7353D80BE1C7C79D69EDB2144CD1C72A4D1A9D244CC037880D6F86A3B89A210C30E8397C75AED5DCD799344A477705F1B851FD220FDAA57D7B5F22EEA0BED0C20FE9307ED56BEBAA20A52940A52940A52940A5714A0F9FF0079FA66DA22696282386258DDD33653231C8C56FDA39470EEAA1ED6DF6DA78827AEC64C47E68728BFAA961F2AC2DE1FE3989FEBE6FDA354790282D3B17738CFA9C4C434B9B107E06F763E96F1AE36B6E6B463B12163CB32E50DAD85BBAE7855542906EA483E75E9F499CE99DCF86635498B6FBBD75CB839662D4EBF3B5BA0DA9B222C1A49161EF8D0C03C788569E16516CC50E65097E3A824588E773EF8AE931A39D5F03875821EAF23E15CAC9866278911855B1BDFB57B9F522A8EB8663E15EAB841CCD5DE44A49BE98FD7AB99A204B1FAB254A8637CAAC49755E4003C34A8362CE6E6E49BEA6E789B9E3E26B356151C857B22137B02728B9B026C3BCDB80F1A0C18F04C7B856447B3C7324FCAA722DDFC404592431C2AEB9A3EBA408D28EF8E31776F0396C6FC6BD7783639C2388A563D694572B94285CF7EC9B9CDC07355F2B5890888F0D18F747AEBF7D7A759C8578B494120A0F64A96D99B1E495800A4DCE96E352BB95BA33E2DC592CBCC9E16EFAB26F66F161B660384C0D9F13C259B4FAABF148C8E0FE3EEDF99D05F9397F532A65ADE6795EDB337530382CB3ED49634035580F69E43CB320B961FA201BF3E60E6E2FA5E0D285C3610985357691C23645B06288B7B58588B92795AB516D39BEB3AC598B936CCD98B9D47E7B005B4E7587D7032037F781F9DCFCAAB2D5F4A3BE0F68E1B50B2C4DC5586AA7C471471DE35E60D6A9DF2E8FA48334B86BBC435238BA0F1B7B4BE235EF1CEAB9BA3BC988C34D9A37B0620656D55B5BE561DDDC788274ADBB0EF961A48B38CC1C7B51D892A7CF85BB8E9F2B540D0D21238FF00CF8D78BBD5937F1A16C4668A3119605980E17274361A0275BDAAAED6144A737275DA7831FD261FDA2D7D735F23747E2FB5B023FA4C5F2615F5CD105294A05294A052B8AE6838AE6B8A507C71B68038F9C1E0713203E4656BD5DA3DC759632530C2C412AC92B193B26C72ABBF688EECBE171543DE33FC3713FD7CDFB46AD9DB3B6BE7C14720603AB6CDD91F5804A06A86DA10C1D4EBFF00BC72CCC758753D3294C96B56D113BF96B0DA580785F2358F3561C18778FDC7515E787E7531BE531322026EC3AC627BF33DAFEB909F5A85C2F3AD29333112F1F138EB8F35A959DC44AEBBB5BA3D6AAC929EC30537BB0450C01198AF6998823B2BDFC4EB6F0DEDD9187807D4D99BAC55BA190AB5D5C901642483751CEA6F73F6DA7D15A16BFB215829ED029A237104A15D0F88AAE6DBDB64E22368C86EA58302C0302EA6E091C081F0D48E1C7289B4DDD0C95C15E137111B9D6BE77E67E7E635D9B0B626E7E020DA385C1BE1C4F37D17AFC6195CB4515978AC76B162E40ED6805B4B9BD7961F78E0FF00A663BAA7C3619315334386882AA848AE43CCEB1A339CC33710468A05856B5C7EDBC54D3493CB3B99250048C0E4CC00002909619458696B56066ADDC8D3656D7DFF00C3C91C0B88862C64D1488E6758BA8016360CB1C65C17D59466395465245AA89BCDB61F198A971520B34AD7CA0DC28002AA83CEC0017A8F049D055FB76FA29C762104920585585C673AD8F3CA2E7EEA8D8D7F0C4CC72A8B9AD8BD1CEE21C4C99DC5D50EA7DD07B8779A8ADE8D84BB3F19F46CD9C64570F6B07BE8DCCF0208E3DD5B9B65E2D307B34585861E032CEC39315EB0C63F4C9363DC3C6D6D6978AF579F362B6588AEF51E553E9037DE3C129D9FB347D70B09641FC98E6A0FE7DB89F76FC6FC35567964EC955724F05CBCFECD632CF248CD2487590BB582DD9D9C92CC0733726C4E9DD565DD5D827560E2322279595BF286343EC87556EAEE46A402403A5ED54B5A66772D694AD6396B1D21018CD852A07BE539729600F6941CC45C5BB81F8543B37CF41E5570C6481B106789228E2113758888F1A8553639C35D99F39F8A1E42E69B23DF80F5350BBB44E6E2DCB5F5BD6C9D9B1E48033E848CEDE1A5F5F4AD7FB0F0E64C44718E05813E4A6EDE9606ADFBE3B43240507193B3FD9F7BE5A7AD10A86D1C69919DCFBC74F01CBE551F7AF5C4210012788D07EFFF007CAB1AF4168E8D45F6C60BFAF4F96B5F5BD7C95D15EBB6705FD6FF00A5ABEB5A05294A05294A05294A05294A0F8C378C7F0DC48FE7E5FDA355C24D858DC0A3643F488959C0681C86528EB1C8A548CC533955BA865BF3D4D537797F8EE27FAF97F68D597B077A7158523AB918A029D824DAC8FD6285235519F5B0D09E20D44C44F49698B2DB1DB9A93A946E3B12D24859858F0B7E681A05D7BABB611B8FA7E359FBCFB621C4C88F14222EC76F52C59CB3331CC4939402AAA09D028A8B80F1A9526666772CA77AEB9ABCEF4BD07A67ACAD97819F11288A142EEDC00FBC9E00789AC0BD6E13B4A3D8FB3E34863538DC4AE7E03EAD4EA1E563DC08B293ED13DD44C6B7D51F87C2E1B64955222C46D223305727A9834B8FB521E40DBBF4D2F1F86E91B687D2A1C54933CB6EB3340488E2E0CAC32A0B1D3504DCDC0D6AADB53694B2DF32A16CD9CBA5CDCE6B92C799BEB7E7AD45C7371D753703FB4753F0BFC6A2234899DB7A74AB1C78ED9506D3C3EBD559F86BD5CA4248A6DCD5EC4F7656AF3E9376C241B0F0F1A8B9C5F54585F560144D21279DDB203E06B8E8FF0068C49BB92F5CB9A2518B054F34398E5F52C7D4D406FCECD6936460A63767C2450DC7E832461B41DCC14DFB81A9435E61E7719BB56661791F9AAFE68EED2DA0E3A0E152F82DB08B24728C43C3244A100118719403A30B806E5AE78FC8540075CC9A68E413E3974D7D4135E492028E7DEB86F4BEBF7FCA89849ED1DBAF247D58205CE676B5B391C00034550380F33C49BC25EE7535D99D59AE479DBEFA99D87BBE67ED0CC230D624DB80E363CCF2D2884C6E2E06E19D52EEC722802E78026DF2AE9BD3B3DF3BCB330091591154DCBB5F5F00B7E7CC2FAD593048B045D547C2C6E79B5F5373DDE1C3855337C7686691620744D4FDA3C07A0FBE82071729637F9563576735D682E1D108FF00E6F07F6DBF66F5F5957CABD0D61646DB385708C5559EED63947D53F13C38DABEA9A8D8E694A5485294A05294A05294A0F8DF79F0128C44F2E46EADB11300D6D091230B5EA16AEB26F64987C462A078D2588CF2D830ED25E56CD9586B6373A1D3D2E0F67DDEC1631669303232B276BA97001CB6F65493726E09BF0ED01E3483CA915E909E359DB57616270CD9678990F88D0DB8D88D08F2F0EF1580941EA4D717AEA4D752682D9B91B163C4191985CC261201BE539E644B585B9163AF770AE9BE9B40CF8C958B1600E4417B0210952EDE6F9881E3C85486E1CED160B1B2AFB65A2541E2A9338F81B1F4AA68272DC1E163EBDFE834A0B52E1D62C3214ED3B31704E740A2390AC834391890A4DDEE42F002D5525B5C9E02E7E1DC2B3311B4DD90460144F780666049B162035F2DF4B81DD521B99B08E33189158941DB93C1011A79B12147DAF0A2571DB8E70DBBD85C29395B14E0B5EFD957733127C818C1F5AD858A5C0987AA1885642990AB2482EB9729D72DB87956A4E967698971C22520AE1D026962033769C0234D3B2BE6B6ABC6E9FD09F0D1C98AC4646C8B74B1BDED63ADB5E1CBBC54C44CF4852F7AD23769D35C49BB3895678C4618231EAE4BAD8856241E37D47873AC74DD4C71B18F0F23124F65466B03DE4695B6F69EF7EC9C3A1EA6132B0E058803E2D7FF002D54768F4B78BB6589628BC94B9FF1593FC157F6E63BF4463C95BF6ECF1DDDDCB64566C5E18826DA320B2FAE6E3F01E7597B6F6BE1604B2C9723408A3BB969D902A93B5F7C31988FCA4CEDDD73603C914051F0A89C3C13E21F2C68F2B9E0A8ACC7D15455675E1ADB97C24B696F34D25C21C8BE1ED7A9FDD6A84662753A9AB4ECCDC1C64BED18E2371D891AD25BAE10337562E400F71DAB5F29B5EA6363EECE09A3C53C692E21A02B181224815A4B4E5885C39242FD5A58BBA817373C055556BD15B3BA3CDD38A5812468959D896BB6A156F65D3872EEE75AD6462EF70A0163A05161AF202B796C7FE0F1222A825155413736B0B1D2F6D7C6B9BEA79FDBA56BBD6E7C7C3CFC45F51109FDDCC288B684718208526D61947E4EFC3971F956CC15ACF74E567C74658DCF6B901EEB721E75B30557D2A62715A63E64E1FF004CB9A5295D47A0A52940A52941C52B9A507C71BC7B3A5FA46226C87AB3899D730D45D5C937EED08D6A155AC74BFA56DEDA7819A1927EA4668E4925631312972CC4318A502E01205C1B836E22AB5B4B6161712F33C3FC1D97B4637014280818DA25058F6B30BA5C767873ACB167A658FA654A64ADFB4A1FFEE99A50AB88218AE7B4856F21CF9476DBDEB641FF00BA86C7BA9958A7B3736F2AF5DA9B2A7C3BE49A328D61DC41BF711A5611AD35D76F44E599C718FC44ECBD2F5C52A592FF00B8F8591F0795173133BC845C025638954D813AEB2701AD5431787C933C441194B0B1E3C74D3CAD535B2B17923C2826CA3AD66F267C9FE9BFA559E2DA5B38AE69655235ECE4691F4D3865B01E64545ADA8DAD5A4DBB35F61F0B248D9505EE05EFC069A127955830538C0A3DA421A500365D0B017ECAF30B7E3DFF002AF7DB1BC9B3D50AE0A074627572428F1B46B75B9E1724D53F13896762C4DC9E66A296E68DEB4898D320CAA64691F99242F1F2AC9C5EDE91AC06800B544589359987D93337BB61DEDA7DFC6A66D10B530DF274AC6DCE0F34D322127B6EA3D09B1F95486C5D8898A9E50B2755147DA2D94B9CAD22C51AAADC6662CE8352073245626C3194CB2FFE289C8FB4FF00569F37BFA54D747EF95B10ECCA2258544AAC913E7124F1220FAE2235B3B23666B801781A889FAA59F95830FB9B878A1959E177916731DA5CE7222C587933B0C3131A9B4C5AEF265002E8C6E2BBED5DBF83CD8C804B34187CC2388C514566EAA6669522EA822E529D57B6CC4D8124DC0A6D8C63A478F8DF275CB3E182C92CBD60B6214F6B2D96105512319D6316B71B0155EE90F6BE1B13244D876FC987475081232E1C969E3034B4A496B71161E00592F7DB3D23626466108C9112582376ACE314F898E61C2CE332AF30729B820D56F6A6DFC5620932CAC73000816442016206440178B31E1CCD465736A097DD3C275B8C857906CE7C93B5F85BD6B7056BBE8DB0EA249666200450B726C067373A9F05F9D5B24DE1849CB0ABCEDDD12DD479B9EC8F3BD7CF7AA56F97372D63A447E1E2E2376B6A3C2E9B93FC753C9FFCA6B670AD45D1CB62DB1EAD2AC71A647EC025DF86976F647A56DD15EFF4BC7C9875B89EB3D9B70F1AA39A5295D26E5294A05294A052B8AE68358C8A8DD996C7B526517BADB34F66619865D4DAFA0D3DAE5501B5B76D5C02BAB2846043059636752C046CA6F7166D343A70359926D4649994F04999811ED0B33E835B5AEE4D70D8B58D63650AE594759C40EB116C32816B101F5E20963DD5F39EED27AC4EA63CF97279A155769635316223189C392B98E5FAE5296B33A8F6C802C4817B0E17BDF586382758FD5EA819B2E84766E72E875E16E35F424EF1624DC21CE5954904E650CF276883C545E3BF75ED715AB7A4ED9C914B1D82E639F330194B5B25B30EFD4EBADEFC48D6BA5C2F156BDA296EBF77B30E69B4C567AFDD46A576B56461B00EEC800233862A483DACB7BDAC093AA91A73AE8BD4EB262495550740A17E658FCC9AF10CDDE7BBD3BAA7F09BA58A78DE410BDE2BF591B0C920D2E02A9ED369DA3A0E156EDC7DC749608F113E657EC1544212F1CB2F561A53624E605C0B65D003AD4E88EBD9AD2288B5EC40B027536BDB90EF3E1565D91B973497325A140002F39EA02C8E2E880382D21CA55ACA350C2AF1BD7B2B63E15608B11018D647C485960FCA47D4CC5467CC4F58BE773A577DB9D22612599D208A79B24C2689D1FAABDB0A217CC4AE7550339B8B1F11CE6220BC4C47452BFE9230F8B2841B451839DA378B3DEFDB0B276AC75B136BDAF615D1A52B14EED704160A0F20F623D75F9536A6DBC562F1324CCF1663947B4480A82C8A0B5C902FC4DEE7537A8E9F0B2C8D69671E5DA3F2B0AF3DB1CDADBF0EB70DEA14C1C3C5223EAEBFBCC6BF8E9A7829C9833DF34A07F6625B9F4CCE3F56BCB646DAC4E15D9F0F218D99729200371706D6208E201078822A6E7D8EB247122C8E7AB522CB1DF31676627561DE05BF46A4767F4773CA3B387C5378E4083E2411F3AD23A77722149C4E26491CC92333BB1BB3312493DE49AF2D6B67AF456EA2F2E58EDC9F151027C2CA97F9D4641BA6FD65930D13006D99A47643E595866F202A79A27B2549C2E12491B2C68CE7B9413F7559B66EE2625EC652B10EE3DA6F80D07A9AB8C9B1B69A26580E1D4772265F9369F3A85C66136EAF363F6150FF0094135E6CB1C4DBA5351FCCB3B73CF6D4257656E661A3B0CAF31BDECC4917F045D3E37ABC6CDDD3C4B00320893F4ACB6F251AD6953B5F69A1369A553C0E5201D38836B1F4AF3826DA13B8412CECCDA005DC5EFCAD7D6BCB1E9B6C93BCF79B7DBC32F637D6F2FA6362EC3C3E15FAC69C17B11AB2AA8BF1D2FF008D48CFBCF804F6F19871E72A7EFAF9E30DD1E62DAC67932F8162C7EF27E5561D99D1DE0D3590973E807DDF8574F170B18ABCB58D437A4575AAB6C8DFCD927418E80FD97CC7E55D24DFFD9838E23FFAE5B7C72D52560D9F8616EAE352159C06233154176203103FD8AAB63FA44C38701B09DE05BDB001E6AC805FC89E35A6ABE65B4569E65B6E2DFF00C0B8CD1F5D20EF585EC7C8B017F4AC7C46FF00A8F63058A7F4897FCD20AD7186DFCC1140C639903680940D7E5EEB13F2A91D9DBD1839DB2C72DDB2E6B1575397991980B8F2AA335C363748F1CD8B5C2CB86970ECE3B2D23464127D95EC13C6C6C7BC5AAF35A177965C3C9972CD1ACA86EBDB5CD6B8CC2D70795C78815BB3623B361A26691652514F589ECBDC021C781163EB419D4A528347ED1FCB49F6DFFCC6B1EB1F6BE03178779264BCD034921287DB4BC8E0E43CC5C7B27C2C6B8C0E3A3957346D7B68470653DCC0EA0D7C966C16ACCDA3AC7FDDDC5C98E63AF8652B104104823811A1154FE92E52CD0B1E273F0005FD8D6C2ADF54CE917F90FEF3FD15BFA6CCFF00E888FF003FE9A70BFD484EEECEE9C2130CF328EB3130DD4197A984A3596CD6BC9248D9868A35D7BAF52DB630785D9B842ED31466C44B19FA1AC60B98C1FAB0D2125156F9491737537D49AA2C1D21ED34C3C7878A50823511A32C6A25CBC9739B903CAD5CE0775315880A6493B003104B0B0ED5DF53C096275B6A41AFA4E59DEE5D5BC6D6ADBFD206157061708EC713970803D8F65A1BB4C496E20DF2F8DCF2AAEA6F0ED8324B88BF5425EADD98A044CB06B1040C3D85E41789EFA911BAF87C3C2F35A42CAA0C6C000998DC2DCB6A4DDA36194EBAE9C6D09BDF8B70C217959E5B033124B6563AAC409FCD16B8FCEB8E549C93CD108E59AD7E85771B8A9A66CD2C8D21D7566BE849278F0B924F99ACAD87D8994F7ABA917D2D223272FB5F2AC6C33C79C7585B25EC72019ADFA39B4BD5D361EEEE166911634C5233EA924DD5221217310102666D036A08F64EB565B6A7EC5619EDE07F7D4F6CA6071018A8611D98822E0927453E1A1F8547ED8D91261716EA43B2465417C85476D411E0076B4D7BAA5B614768F39E32313E8341F75FD682E9FF0079E2545A211443BA38D17E76BD466D3DEB9ADF5D896BD89CA5B5200B9B0BD55F78B68C910554D0B0249E6070F4E7F0A898170ADF9490963C49CD51A812D8CDE0C54AA1E0D00BDF83B6874B820D85656C5DF0C69D3AF8B3F05578C5C9006975B581FBC1A81C4ECE68944F0481941B6656D413C3FE2BD31596783AF5B2CD1152F978303C1ADC8E9F2A916787A45C621713430F66DA0CEAC6FA0B768DC5F9F2AB36ED6F97D291CF5203A300543F23EC9175F0235EEAD53B63117EAE41A12A0E9DE35FBEBD5368CB86C599223ED5895E4D9AC4A9F5BD059F7C941C475A229230F6CC182D8B8E25594906E0036E3C4D626E95DB68443F355DBE0B607E3568972637084A716175BF1575F74F76BA1F0354ADDEC64B1636F1C79E431B2A29BF1245EE07758E9A506E12EA8B9DD801C35E64F003BCF80D6A95BD9BE53C6E63810C6808569D85EC4FE62F878DF870A948306E80E2312FD648AA5AFC1100172A8380EE279D6A993AACCCD33667624B65EF24DEC7871A234909302B3B1618A0F2371CCD72DF1D4D7482739FE8D8A06D7B23FBE87DD21B9AD63C4702DA112467935C301E606B59526C89E6196D9CA7B322EB9D4AF6785CE9A6BE268979C79D3AE85DAE53553CF4E63E47E35D8E3CA049E1D1A2934F261AAFD9363F1AEFB4F3A176916C4A22F816CA73D8F98BD47C6A040A1BDF62477D94587CCD06C3DB10458EC22CA83DA199785D4F3527BC1D3D2B6CF45582C443B3628E5992641AC2E99AFD5B6A11C30B8653716E56B72AD09BA1B47A997E8CC7B125AC4F01279F20DC2DDE16B70F471B45E19CE1181314B99E3201391C6AEA6DC1585CDFBC1E6D41B3294A5056F68EC0209782DA924C6D7B5DAF7286E2C492743A7D9AD6BB7F75E37973424E1F10101D06A4DD572C8BC352DC381B6840ADDB6AC0DA7B262980CC2CCBECB8F696C411E62E06874D2BC99786DF5A749619316FAD7BB40C3B58A308F14A2363A2C83F24FE47DD3E06A0BA45FE43FBCFF456CADE5DD4920043A89213A66B696E4187235AA37CF01D4F54AAECD19CF951B5C9ECDC29E397869CAD5CEE12958E26371CB6EBD3C7E1E5C3588CB1B8D4B1F76F0B106EBA7BE450D940206660A6DA9D00CD947C6A7E7DF6862555822170002D98920E84E52468B9AE6DDAE3545855E46540ACE4D8055B927C1477D6D1DDAE8E31F30062C126190FF2B8B25E520FE6C6381F351E75DC745513B4368628DD172A839B358222DAD6ED1B28B003416D1469A56360B647598931DE4C53589B61419096245FB4470B96BB7856F8D91D1061010D8D9E6C638B765894885BB914DFE26AFDB37664187411C1124483DD450A3E541A2B64744B8F9F2168A1C0229CC09266C41EECDAE5F4ECF955EA1E8EB0B83538ACF34F88564FAD91C92033A870AAB60015B8D6FC6B635AB0F6C459F0F22DED753AF75B5BFCA83566F3334FB2311D62E56313315EE29675F8D81F5AA3EEEE114E1A271A92835F2D2C3E157D099B0B898FBFAE5EFE2A40AA2EEAE2026CB129E11ACA7F559980F98A0A96DE31BE264776ECA9C8A0713946BF3BD60C78AC30E3116F335ED87C18C9D7CA757248F53A9AED1393AC70A91F9CF7B7C283DF09D5EB2E19CA5AC24493D92A78EBC0F3D38D496177764EAE411E539C13A142429B11C1C92A38F0AF4D93838DE0B36419E5546B1B0CBD9690AF75C145BF200F7D5BB0F86830465C34587125AC41CCFD682546676CC728B5C76546B9871A27A4357E2F06FD6A44C080A05FBAC3DA23EEAE1FB53B3FBABF80D2AC3BC8AFD423BB00C4947CA3F34DF377DC8651FDDD55CE238246BA788E3E74256FE8C31C4CF24078382EBE6BA37C411FAB523B6F03F45DAB86980B4734963DD77EC483E61BD4F7554775B1670F8D89D002503E6BDEC6EA411E5564DF6DE692781519235B48AC854366565E6093DDE1442CBD244DD5604A0F6A6658C797B4DF216F5AD5B1AC51F105D8F051CFC4F70A98DE7DBB88C4A06958131DF280A140CD6CC74F21512E3AA407DA964B1FFF0023FDF75066E13086574430C2A198016BE7B93A0D4EA2F6BF855B7656C58D58E299E5EACCBD5F56B22A2B2A8ECBB16BDF4E407126D616AA261E17570D7265BF0EE0BED12790E1577D9F2C3F42980769166CB61705E26CAC2D6B817D48CDE03CA89F0E37932CFD7008E2350ACA64D24201CAC1B4D0DD90DFF44D5299F5EB1EC2D6088395EF6D3D2A6F17B54AC4C1D8B3300BA3670AB6005DC0ED31B6AC34FC2B691C40E84B1E407E3FF34259B2B47F47224660F9D9D328F7B2A802FDDA55F37477DA669B0B0A419F12EC8B9B36517F799865E196E580E57AD6D919E5B30D0721C2CBC87AD85EB667425BBC67DA3F4961D8C30CD7EF91EE107C339F41DF443E85A5734A05294A0EAE808208B83C41AA46DDE8B36762A64924EB02266FAA46CAA4B5AF736B81A700455E69559AC4CC4EBB2351BDA2B626EE60F08B970D878E2EF2AA331F363A9F5352B4A55925294A057863E3CD13AFE7230F8822BDEB8341A9364C99BADD4768A9201B919E35637FD6AD310626410BE1F31EAF3B82BCB88D7E42B752AC693C811729ECE6EE27283A7D9040F515A631F1E4C4E213BA693EFD2830B0E8D3489131B2AD81F0038FCAB231121C44A554E4852C0903451C147993A799AF191F212FDEA57FDFA695EB80C4E4C2B81C5DAE7D385066EC958B2B2C999602F915EFC18589B8F781B107CEF562DE7C6A3988A14CD1280B266EC00401995517333D80D2FC45ED545C4E22F0C6BC97EF27535ED3CA9955AC2FA86B0E21AE413E46E3C88A2599B5F69AC815150B22F327563F9C7F772F1E2630BB7044CA3BEBAAC2C3543A57595E4B777C3F0A2125BBD86B48CD7BE55F9B9B01F00D5DF6A8324F144BC4B228FB4EC2C3C395676CCC3F551053ED1399FED1D00F41F32D50188C49EB3AD52410E1811CAC46523E028267178478D8C72A1561C558723CFC478F0A8FC2C969FB5EE29CBF0005FD2AD2DBD124B184C4C71E213916192417E6AE9C0FA557B68E1119C3C2580B6A1ED71E19868DE765F2A0C65C51BC83990A3D3527E75E58761D51B68CA01B8D09009CC3C7DA07FB35E52A147ED0201035B73FC6BAC6C15AD7F11FBA83D55995B3AF6AFCB5FC35B570B8D02C6DAF8696F5B57548F5EC301E1A9B9EE005F5F0AC96C0CCC006200E77E3F0E341ED84B94CEDEF7C80FDFC6B76741904CAB32E73D50B332E55FCA3DAD66B663655B1D7BAB50965099428E5A9E22DC2D6B5B878D6E6E81B1333E126CCAA21597B0FAE77622EF724D8A8EC81F0E541B4694A50294A50294A50294A50294A5028695C1A0D59B6732625D4E9DA9081E72358FEAAA7C056A1976A9871B8A568E39239657BAC8B717563620820A9F115B977B2C3152024E60CD6F10444C07900ED5A336CC59A49BBC4D291FAE48F9507AE3D70F203903444FB8C7AC5BF2B3D8301E055BCEA2920755B1048F0D7EEA95D8DB3E5C483D5A8256D9AECAB6FD623BAA586EB6279F54BE73C23FD5549C958EF29D4A9A89619585B30BADF983C08F87C8D729285ECB0E1F3ABAC3B025470FD7613329B82D342DF89A83DA9B3218482CF1497FF00C7217B5BBF2F0A464ACCEA2508411A93D926F6D0004DFC34ACCC06CD973AB30B0041D4EBA6BC2B3A1C7C0A2C0E5F002DFF00341B459B48918F885663F015712589C6F550B15519882B99BB446616EC8E038F89D2AB71611D8582FE1F7D4BA60316FAFD1E53DD98051E99AD6AB0EECEE662B12F22B7D5158CBA81690B1CCA2C4022DA1278F2AA4E4AC795B92DF0AEE1235080499C30D3B2AAC3C38B835951C701E32483FB907EE92B68EEE744E85BF85F5A458EA1825CDC58585CDAD7E7571C1746DB263E1850DF6DDDFF00CCD6AD299EB6AEE2BFBEE098E59684185C25BB58975EFBE1DEDEB66ACA9766C3893718A79982AAF6609C92A82CABD806E00D2BE8DC1EEFE0A2FC961A14FB31A03F1B5482A81A0D2ADCF1F0B73C7F6C3E62C1EE96D26D21C04E57802504571E3D611F3A9DC37457B59EC4C71C7F6E41FE80D5F4152A8CDA4A2E85314C3EB319125F8E58DE4F85D92B6CEED6C48B07858B0B17B312DAE78B13AB31B732493EB5294A05294A05294A05294A052B8AE6814AE2B9A05294A0D7FBEDB3019CCB9AC5733F9830842BF18D0FA550B74FA389B19899DB16934101EDC6E028CE49B586704DADADEDCEB65EFC765AF6D1A361F0BDEFF1156EC3A28450A2CA0000770034A0D7ABD0DECB0A47D73358805A520036D0D940151B3F4450260E7540649DC2756E4F690AB02D949B0171A1D2B6C52AB35DCED313A695D91D11C8219925505A411E52EE0952AE0B58A8BADD6FC38D4860FA19847B5D57C1E43FE235B6A954F6B7DE657F73E22141C1F45B844F7ADF62344FC0D4C61F71B04BC55DBCD8FE16AB3529EC53E0F76DF2898376B06BC204F517FBEB3E0C2469EC22AF9003EEAF7A55A2958ED0A4DA67BC94A52AE8294A50295C57340A52940A5714A0E694A50294A50294A50294A50294A5040EF56C97990B26ACB1CAAA9A598B816D4F0B5AA6E11D903C07DD5DE940A52940A52940A52940A52940A52940A52940A52940A52940A52940A52940A52940A52940A52940A52940A52940A52940A52940A52940A52940A52940A52940A52940A52940A52941FFD9,'Placa de Video',1,489.90,9,10)

--Inserindo Venda

set dateformat mdy

insert into Venda (data_venda,id_cliente,data_entrega,id_estadoEntrega) values ('11/1/2019',1,'11/8/2019',23)
insert into Venda (data_venda,id_cliente,data_entrega,id_estadoEntrega) values ('11/2/2019',2,'11/9/2019',24)
insert into Venda (data_venda,id_cliente,data_entrega,id_estadoEntrega) values ('11/3/2019',3,'11/10/2019',25)
insert into Venda (data_venda,id_cliente,data_entrega,id_estadoEntrega) values ('11/4/2019',4,'11/11/2019',3)
insert into Venda (data_venda,id_cliente,data_entrega,id_estadoEntrega) values ('11/5/2019',5,'11/12/2019',3)
insert into Venda (data_venda,id_cliente,data_entrega,id_estadoEntrega) values ('11/6/2019',6,'11/13/2019',3)
insert into Venda (data_venda,id_cliente,data_entrega,id_estadoEntrega) values ('11/7/2019',7,'11/14/2019',3)
insert into Venda (data_venda,id_cliente,data_entrega,id_estadoEntrega) values ('11/8/2019',8,'11/15/2019',3)
insert into Venda (data_venda,id_cliente,data_entrega,id_estadoEntrega) values ('11/9/2019',9,'11/16/2019',25)
insert into Venda (data_venda,id_cliente,data_entrega,id_estadoEntrega) values ('11/10/2019',10,'11/17/2019',25)
insert into Venda (data_venda,id_cliente,data_entrega,id_estadoEntrega) values ('11/11/2019',11,'11/18/2019',25)
insert into Venda (data_venda,id_cliente,data_entrega,id_estadoEntrega) values ('11/12/2019',12,'11/19/2019',24)
insert into Venda (data_venda,id_cliente,data_entrega,id_estadoEntrega) values ('11/13/2019',13,'11/20/2019',9)
insert into Venda (data_venda,id_cliente,data_entrega,id_estadoEntrega) values ('11/14/2019',14,'11/21/2019',9)
insert into Venda (data_venda,id_cliente,data_entrega,id_estadoEntrega) values ('11/15/2019',1,'11/22/2019',23)
insert into Venda (data_venda,id_cliente,data_entrega,id_estadoEntrega) values ('11/16/2019',2,'11/23/2019',24)
insert into Venda (data_venda,id_cliente,data_entrega,id_estadoEntrega) values ('11/17/2019',3,'11/24/2019',25)
insert into Venda (data_venda,id_cliente,data_entrega,id_estadoEntrega) values ('11/18/2019',4,'11/25/2019',3)
insert into Venda (data_venda,id_cliente,data_entrega,id_estadoEntrega) values ('11/19/2019',5,'11/26/2019',3)
insert into Venda (data_venda,id_cliente,data_entrega,id_estadoEntrega) values ('11/20/2019',6,'11/27/2019',3)




--select * from Categoria
--select * from Regiao
--select * from Estado

--delete from Produto


